segment_id,month,division,asset_type,age_years,freight_density_class,monsoon_exposure,grade3_defects_previous_90d,defect_count_month,failure_event,right_censored,monsoon_month
SEG-001,2024-01,Agra,Track,48,Low,Low,0,0,0,0,0
SEG-001,2024-02,Agra,Track,48,Low,Low,0,0,0,0,0
SEG-001,2024-03,Agra,Track,48,Low,Low,0,0,0,0,0
SEG-001,2024-04,Agra,Track,48,Low,Low,0,0,0,0,0
SEG-001,2024-05,Agra,Track,48,Low,Low,0,0,0,0,0
SEG-001,2024-06,Agra,Track,48,Low,Low,0,0,0,0,1
SEG-001,2024-07,Agra,Track,48,Low,Low,0,0,0,0,1
SEG-001,2024-08,Agra,Track,48,Low,Low,0,0,0,0,1
SEG-001,2024-09,Agra,Track,48,Low,Low,0,0,0,0,1
SEG-001,2024-10,Agra,Track,48,Low,Low,0,0,0,0,0
SEG-001,2024-11,Agra,Track,48,Low,Low,0,0,0,0,0
SEG-001,2024-12,Agra,Track,48,Low,Low,0,0,0,0,0
SEG-001,2025-01,Agra,Track,48,Low,Low,0,0,0,0,0
SEG-001,2025-02,Agra,Track,48,Low,Low,0,0,0,0,0
SEG-001,2025-03,Agra,Track,48,Low,Low,0,0,0,0,0
SEG-001,2025-04,Agra,Track,48,Low,Low,0,0,0,0,0
SEG-001,2025-05,Agra,Track,48,Low,Low,0,0,0,0,0
SEG-001,2025-06,Agra,Track,48,Low,Low,0,0,0,0,1
SEG-001,2025-07,Agra,Track,48,Low,Low,0,0,0,0,1
SEG-001,2025-08,Agra,Track,48,Low,Low,0,2,0,0,1
SEG-001,2025-09,Agra,Track,48,Low,Low,2,1,1,0,1
SEG-001,2025-10,Agra,Track,48,Low,Low,3,0,0,0,0
SEG-001,2025-11,Agra,Track,48,Low,Low,2,0,0,0,0
SEG-001,2025-12,Agra,Track,48,Low,Low,1,0,0,0,0
SEG-002,2024-01,Delhi,Track,42,Low,Low,0,0,0,0,0
SEG-002,2024-02,Delhi,Track,42,Low,Low,0,0,0,0,0
SEG-002,2024-03,Delhi,Track,42,Low,Low,0,0,0,0,0
SEG-002,2024-04,Delhi,Track,42,Low,Low,0,0,0,0,0
SEG-002,2024-05,Delhi,Track,42,Low,Low,0,0,0,0,0
SEG-002,2024-06,Delhi,Track,42,Low,Low,0,0,0,0,1
SEG-002,2024-07,Delhi,Track,42,Low,Low,0,0,0,0,1
SEG-002,2024-08,Delhi,Track,42,Low,Low,0,0,0,0,1
SEG-002,2024-09,Delhi,Track,42,Low,Low,0,0,0,0,1
SEG-002,2024-10,Delhi,Track,42,Low,Low,0,0,0,0,0
SEG-002,2024-11,Delhi,Track,42,Low,Low,0,0,0,0,0
SEG-002,2024-12,Delhi,Track,42,Low,Low,0,0,0,0,0
SEG-002,2025-01,Delhi,Track,42,Low,Low,0,0,0,0,0
SEG-002,2025-02,Delhi,Track,42,Low,Low,0,0,0,0,0
SEG-002,2025-03,Delhi,Track,42,Low,Low,0,0,0,0,0
SEG-002,2025-04,Delhi,Track,42,Low,Low,0,0,0,0,0
SEG-002,2025-05,Delhi,Track,42,Low,Low,0,0,0,0,0
SEG-002,2025-06,Delhi,Track,42,Low,Low,0,0,0,0,1
SEG-002,2025-07,Delhi,Track,42,Low,Low,0,0,0,0,1
SEG-002,2025-08,Delhi,Track,42,Low,Low,0,0,0,0,1
SEG-002,2025-09,Delhi,Track,42,Low,Low,0,0,0,0,1
SEG-002,2025-10,Delhi,Track,42,Low,Low,0,0,0,0,0
SEG-002,2025-11,Delhi,Track,42,Low,Low,0,0,0,0,0
SEG-002,2025-12,Delhi,Track,42,Low,Low,0,1,0,0,0
SEG-003,2024-01,Agra,S&T,9,Medium,Medium,0,0,0,0,0
SEG-003,2024-02,Agra,S&T,9,Medium,Medium,0,0,0,0,0
SEG-003,2024-03,Agra,S&T,9,Medium,Medium,0,0,0,0,0
SEG-003,2024-04,Agra,S&T,9,Medium,Medium,0,0,0,0,0
SEG-003,2024-05,Agra,S&T,9,Medium,Medium,0,0,0,0,0
SEG-003,2024-06,Agra,S&T,9,Medium,Medium,0,0,0,0,1
SEG-003,2024-07,Agra,S&T,9,Medium,Medium,0,0,0,0,1
SEG-003,2024-08,Agra,S&T,9,Medium,Medium,0,0,0,0,1
SEG-003,2024-09,Agra,S&T,9,Medium,Medium,0,0,0,0,1
SEG-003,2024-10,Agra,S&T,9,Medium,Medium,0,0,0,0,0
SEG-003,2024-11,Agra,S&T,9,Medium,Medium,0,0,0,0,0
SEG-003,2024-12,Agra,S&T,9,Medium,Medium,0,0,0,0,0
SEG-003,2025-01,Agra,S&T,9,Medium,Medium,0,0,0,0,0
SEG-003,2025-02,Agra,S&T,9,Medium,Medium,0,0,0,0,0
SEG-003,2025-03,Agra,S&T,9,Medium,Medium,0,0,0,0,0
SEG-003,2025-04,Agra,S&T,9,Medium,Medium,0,0,0,0,0
SEG-003,2025-05,Agra,S&T,9,Medium,Medium,0,0,0,0,0
SEG-003,2025-06,Agra,S&T,9,Medium,Medium,0,0,0,0,1
SEG-003,2025-07,Agra,S&T,9,Medium,Medium,0,2,0,0,1
SEG-003,2025-08,Agra,S&T,9,Medium,Medium,2,1,1,0,1
SEG-003,2025-09,Agra,S&T,9,Medium,Medium,3,0,0,0,1
SEG-003,2025-10,Agra,S&T,9,Medium,Medium,3,0,0,0,0
SEG-003,2025-11,Agra,S&T,9,Medium,Medium,1,0,0,0,0
SEG-003,2025-12,Agra,S&T,9,Medium,Medium,0,0,0,0,0
SEG-004,2024-01,Delhi,S&T,25,Medium,High,0,0,0,0,0
SEG-004,2024-02,Delhi,S&T,25,Medium,High,0,0,0,0,0
SEG-004,2024-03,Delhi,S&T,25,Medium,High,0,0,0,0,0
SEG-004,2024-04,Delhi,S&T,25,Medium,High,0,0,0,0,0
SEG-004,2024-05,Delhi,S&T,25,Medium,High,0,0,0,0,0
SEG-004,2024-06,Delhi,S&T,25,Medium,High,0,0,0,0,1
SEG-004,2024-07,Delhi,S&T,25,Medium,High,0,0,0,0,1
SEG-004,2024-08,Delhi,S&T,25,Medium,High,0,0,0,0,1
SEG-004,2024-09,Delhi,S&T,25,Medium,High,0,0,0,0,1
SEG-004,2024-10,Delhi,S&T,25,Medium,High,0,1,0,0,0
SEG-004,2024-11,Delhi,S&T,25,Medium,High,0,0,0,0,0
SEG-004,2024-12,Delhi,S&T,25,Medium,High,0,0,0,0,0
SEG-004,2025-01,Delhi,S&T,25,Medium,High,0,0,0,0,0
SEG-004,2025-02,Delhi,S&T,25,Medium,High,0,0,0,0,0
SEG-004,2025-03,Delhi,S&T,25,Medium,High,0,0,0,0,0
SEG-004,2025-04,Delhi,S&T,25,Medium,High,0,0,0,0,0
SEG-004,2025-05,Delhi,S&T,25,Medium,High,0,0,0,0,0
SEG-004,2025-06,Delhi,S&T,25,Medium,High,0,0,0,0,1
SEG-004,2025-07,Delhi,S&T,25,Medium,High,0,0,0,0,1
SEG-004,2025-08,Delhi,S&T,25,Medium,High,0,0,0,0,1
SEG-004,2025-09,Delhi,S&T,25,Medium,High,0,0,0,0,1
SEG-004,2025-10,Delhi,S&T,25,Medium,High,0,0,0,0,0
SEG-004,2025-11,Delhi,S&T,25,Medium,High,0,0,0,0,0
SEG-004,2025-12,Delhi,S&T,25,Medium,High,0,0,0,0,0
SEG-005,2024-01,Agra,Traction/OHE,17,Medium,Low,0,0,0,0,0
SEG-005,2024-02,Agra,Traction/OHE,17,Medium,Low,0,0,0,0,0
SEG-005,2024-03,Agra,Traction/OHE,17,Medium,Low,0,0,0,0,0
SEG-005,2024-04,Agra,Traction/OHE,17,Medium,Low,0,0,0,0,0
SEG-005,2024-05,Agra,Traction/OHE,17,Medium,Low,0,0,0,0,0
SEG-005,2024-06,Agra,Traction/OHE,17,Medium,Low,0,0,0,0,1
SEG-005,2024-07,Agra,Traction/OHE,17,Medium,Low,0,0,0,0,1
SEG-005,2024-08,Agra,Traction/OHE,17,Medium,Low,0,0,0,0,1
SEG-005,2024-09,Agra,Traction/OHE,17,Medium,Low,0,0,0,0,1
SEG-005,2024-10,Agra,Traction/OHE,17,Medium,Low,0,0,0,0,0
SEG-005,2024-11,Agra,Traction/OHE,17,Medium,Low,0,0,0,0,0
SEG-005,2024-12,Agra,Traction/OHE,17,Medium,Low,0,0,0,0,0
SEG-005,2025-01,Agra,Traction/OHE,17,Medium,Low,0,0,0,0,0
SEG-005,2025-02,Agra,Traction/OHE,17,Medium,Low,0,0,0,0,0
SEG-005,2025-03,Agra,Traction/OHE,17,Medium,Low,0,0,0,0,0
SEG-005,2025-04,Agra,Traction/OHE,17,Medium,Low,0,0,0,0,0
SEG-005,2025-05,Agra,Traction/OHE,17,Medium,Low,0,0,0,0,0
SEG-005,2025-06,Agra,Traction/OHE,17,Medium,Low,0,1,0,0,1
SEG-005,2025-07,Agra,Traction/OHE,17,Medium,Low,0,0,0,0,1
SEG-005,2025-08,Agra,Traction/OHE,17,Medium,Low,0,0,0,0,1
SEG-005,2025-09,Agra,Traction/OHE,17,Medium,Low,0,0,0,0,1
SEG-005,2025-10,Agra,Traction/OHE,17,Medium,Low,0,0,0,0,0
SEG-005,2025-11,Agra,Traction/OHE,17,Medium,Low,0,0,0,0,0
SEG-005,2025-12,Agra,Traction/OHE,17,Medium,Low,0,0,0,0,0
SEG-006,2024-01,Delhi,Traction/OHE,30,Medium,Medium,0,0,0,0,0
SEG-006,2024-02,Delhi,Traction/OHE,30,Medium,Medium,0,0,0,0,0
SEG-006,2024-03,Delhi,Traction/OHE,30,Medium,Medium,0,0,0,0,0
SEG-006,2024-04,Delhi,Traction/OHE,30,Medium,Medium,0,0,0,0,0
SEG-006,2024-05,Delhi,Traction/OHE,30,Medium,Medium,0,0,0,0,0
SEG-006,2024-06,Delhi,Traction/OHE,30,Medium,Medium,0,0,0,0,1
SEG-006,2024-07,Delhi,Traction/OHE,30,Medium,Medium,0,0,0,0,1
SEG-006,2024-08,Delhi,Traction/OHE,30,Medium,Medium,0,0,0,0,1
SEG-006,2024-09,Delhi,Traction/OHE,30,Medium,Medium,0,0,0,0,1
SEG-006,2024-10,Delhi,Traction/OHE,30,Medium,Medium,0,0,0,0,0
SEG-006,2024-11,Delhi,Traction/OHE,30,Medium,Medium,0,0,0,0,0
SEG-006,2024-12,Delhi,Traction/OHE,30,Medium,Medium,0,0,0,0,0
SEG-006,2025-01,Delhi,Traction/OHE,30,Medium,Medium,0,0,0,0,0
SEG-006,2025-02,Delhi,Traction/OHE,30,Medium,Medium,0,0,0,0,0
SEG-006,2025-03,Delhi,Traction/OHE,30,Medium,Medium,0,0,0,0,0
SEG-006,2025-04,Delhi,Traction/OHE,30,Medium,Medium,0,0,0,0,0
SEG-006,2025-05,Delhi,Traction/OHE,30,Medium,Medium,0,0,0,0,0
SEG-006,2025-06,Delhi,Traction/OHE,30,Medium,Medium,0,0,0,0,1
SEG-006,2025-07,Delhi,Traction/OHE,30,Medium,Medium,0,0,0,0,1
SEG-006,2025-08,Delhi,Traction/OHE,30,Medium,Medium,0,0,0,0,1
SEG-006,2025-09,Delhi,Traction/OHE,30,Medium,Medium,0,0,0,0,1
SEG-006,2025-10,Delhi,Traction/OHE,30,Medium,Medium,0,0,0,0,0
SEG-006,2025-11,Delhi,Traction/OHE,30,Medium,Medium,0,0,0,0,0
SEG-006,2025-12,Delhi,Traction/OHE,30,Medium,Medium,0,0,0,0,0
SEG-007,2024-01,Agra,Track,32,High,Medium,0,0,0,0,0
SEG-007,2024-02,Agra,Track,32,High,Medium,0,0,0,0,0
SEG-007,2024-03,Agra,Track,32,High,Medium,0,0,0,0,0
SEG-007,2024-04,Agra,Track,32,High,Medium,0,0,0,0,0
SEG-007,2024-05,Agra,Track,32,High,Medium,0,0,0,0,0
SEG-007,2024-06,Agra,Track,32,High,Medium,0,1,0,0,1
SEG-007,2024-07,Agra,Track,32,High,Medium,0,0,0,0,1
SEG-007,2024-08,Agra,Track,32,High,Medium,0,1,0,0,1
SEG-007,2024-09,Agra,Track,32,High,Medium,0,0,0,0,1
SEG-007,2024-10,Agra,Track,32,High,Medium,0,0,0,0,0
SEG-007,2024-11,Agra,Track,32,High,Medium,0,0,0,0,0
SEG-007,2024-12,Agra,Track,32,High,Medium,0,0,0,0,0
SEG-007,2025-01,Agra,Track,32,High,Medium,0,0,0,0,0
SEG-007,2025-02,Agra,Track,32,High,Medium,0,0,0,0,0
SEG-007,2025-03,Agra,Track,32,High,Medium,0,0,0,0,0
SEG-007,2025-04,Agra,Track,32,High,Medium,0,0,0,0,0
SEG-007,2025-05,Agra,Track,32,High,Medium,0,0,0,0,0
SEG-007,2025-06,Agra,Track,32,High,Medium,0,0,0,0,1
SEG-007,2025-07,Agra,Track,32,High,Medium,0,0,0,0,1
SEG-007,2025-08,Agra,Track,32,High,Medium,0,0,0,0,1
SEG-007,2025-09,Agra,Track,32,High,Medium,0,0,0,0,1
SEG-007,2025-10,Agra,Track,32,High,Medium,0,0,0,0,0
SEG-007,2025-11,Agra,Track,32,High,Medium,0,0,0,0,0
SEG-007,2025-12,Agra,Track,32,High,Medium,0,0,0,0,0
SEG-008,2024-01,Delhi,Track,20,Low,Low,0,0,0,0,0
SEG-008,2024-02,Delhi,Track,20,Low,Low,0,0,0,0,0
SEG-008,2024-03,Delhi,Track,20,Low,Low,0,0,0,0,0
SEG-008,2024-04,Delhi,Track,20,Low,Low,0,0,0,0,0
SEG-008,2024-05,Delhi,Track,20,Low,Low,0,0,0,0,0
SEG-008,2024-06,Delhi,Track,20,Low,Low,0,0,0,0,1
SEG-008,2024-07,Delhi,Track,20,Low,Low,0,0,0,0,1
SEG-008,2024-08,Delhi,Track,20,Low,Low,0,0,0,0,1
SEG-008,2024-09,Delhi,Track,20,Low,Low,0,0,0,0,1
SEG-008,2024-10,Delhi,Track,20,Low,Low,0,0,0,0,0
SEG-008,2024-11,Delhi,Track,20,Low,Low,0,0,0,0,0
SEG-008,2024-12,Delhi,Track,20,Low,Low,0,0,0,0,0
SEG-008,2025-01,Delhi,Track,20,Low,Low,0,0,0,0,0
SEG-008,2025-02,Delhi,Track,20,Low,Low,0,0,0,0,0
SEG-008,2025-03,Delhi,Track,20,Low,Low,0,0,0,0,0
SEG-008,2025-04,Delhi,Track,20,Low,Low,0,0,0,0,0
SEG-008,2025-05,Delhi,Track,20,Low,Low,0,0,0,0,0
SEG-008,2025-06,Delhi,Track,20,Low,Low,0,0,0,0,1
SEG-008,2025-07,Delhi,Track,20,Low,Low,0,0,0,0,1
SEG-008,2025-08,Delhi,Track,20,Low,Low,0,1,0,0,1
SEG-008,2025-09,Delhi,Track,20,Low,Low,0,0,0,0,1
SEG-008,2025-10,Delhi,Track,20,Low,Low,0,0,0,0,0
SEG-008,2025-11,Delhi,Track,20,Low,Low,0,0,0,0,0
SEG-008,2025-12,Delhi,Track,20,Low,Low,0,0,0,0,0
SEG-009,2024-01,Agra,S&T,22,High,Medium,0,0,0,0,0
SEG-009,2024-02,Agra,S&T,22,High,Medium,0,0,0,0,0
SEG-009,2024-03,Agra,S&T,22,High,Medium,0,0,0,0,0
SEG-009,2024-04,Agra,S&T,22,High,Medium,0,0,0,0,0
SEG-009,2024-05,Agra,S&T,22,High,Medium,0,0,0,0,0
SEG-009,2024-06,Agra,S&T,22,High,Medium,0,0,0,0,1
SEG-009,2024-07,Agra,S&T,22,High,Medium,0,0,0,0,1
SEG-009,2024-08,Agra,S&T,22,High,Medium,0,0,0,0,1
SEG-009,2024-09,Agra,S&T,22,High,Medium,0,0,0,0,1
SEG-009,2024-10,Agra,S&T,22,High,Medium,0,0,0,0,0
SEG-009,2024-11,Agra,S&T,22,High,Medium,0,0,0,0,0
SEG-009,2024-12,Agra,S&T,22,High,Medium,0,1,0,0,0
SEG-009,2025-01,Agra,S&T,22,High,Medium,1,0,0,0,0
SEG-009,2025-02,Agra,S&T,22,High,Medium,1,0,0,0,0
SEG-009,2025-03,Agra,S&T,22,High,Medium,1,0,0,0,0
SEG-009,2025-04,Agra,S&T,22,High,Medium,0,0,0,0,0
SEG-009,2025-05,Agra,S&T,22,High,Medium,0,0,0,0,0
SEG-009,2025-06,Agra,S&T,22,High,Medium,0,0,0,0,1
SEG-009,2025-07,Agra,S&T,22,High,Medium,0,0,0,0,1
SEG-009,2025-08,Agra,S&T,22,High,Medium,0,0,0,0,1
SEG-009,2025-09,Agra,S&T,22,High,Medium,0,0,0,0,1
SEG-009,2025-10,Agra,S&T,22,High,Medium,0,0,0,0,0
SEG-009,2025-11,Agra,S&T,22,High,Medium,0,0,0,0,0
SEG-009,2025-12,Agra,S&T,22,High,Medium,0,0,0,0,0
SEG-010,2024-01,Delhi,S&T,30,Medium,High,0,0,0,0,0
SEG-010,2024-02,Delhi,S&T,30,Medium,High,0,0,0,0,0
SEG-010,2024-03,Delhi,S&T,30,Medium,High,0,0,0,0,0
SEG-010,2024-04,Delhi,S&T,30,Medium,High,0,0,0,0,0
SEG-010,2024-05,Delhi,S&T,30,Medium,High,0,0,0,0,0
SEG-010,2024-06,Delhi,S&T,30,Medium,High,0,0,0,0,1
SEG-010,2024-07,Delhi,S&T,30,Medium,High,0,0,0,0,1
SEG-010,2024-08,Delhi,S&T,30,Medium,High,0,0,0,0,1
SEG-010,2024-09,Delhi,S&T,30,Medium,High,0,0,0,0,1
SEG-010,2024-10,Delhi,S&T,30,Medium,High,0,0,0,0,0
SEG-010,2024-11,Delhi,S&T,30,Medium,High,0,0,0,0,0
SEG-010,2024-12,Delhi,S&T,30,Medium,High,0,0,0,0,0
SEG-010,2025-01,Delhi,S&T,30,Medium,High,0,0,0,0,0
SEG-010,2025-02,Delhi,S&T,30,Medium,High,0,0,0,0,0
SEG-010,2025-03,Delhi,S&T,30,Medium,High,0,0,0,0,0
SEG-010,2025-04,Delhi,S&T,30,Medium,High,0,0,0,0,0
SEG-010,2025-05,Delhi,S&T,30,Medium,High,0,0,0,0,0
SEG-010,2025-06,Delhi,S&T,30,Medium,High,0,0,0,0,1
SEG-010,2025-07,Delhi,S&T,30,Medium,High,0,0,0,0,1
SEG-010,2025-08,Delhi,S&T,30,Medium,High,0,0,0,0,1
SEG-010,2025-09,Delhi,S&T,30,Medium,High,0,0,0,0,1
SEG-010,2025-10,Delhi,S&T,30,Medium,High,0,0,0,0,0
SEG-010,2025-11,Delhi,S&T,30,Medium,High,0,0,0,0,0
SEG-010,2025-12,Delhi,S&T,30,Medium,High,0,0,0,0,0
SEG-011,2024-01,Agra,Traction/OHE,18,Low,Medium,0,0,0,0,0
SEG-011,2024-02,Agra,Traction/OHE,18,Low,Medium,0,0,0,0,0
SEG-011,2024-03,Agra,Traction/OHE,18,Low,Medium,0,0,0,0,0
SEG-011,2024-04,Agra,Traction/OHE,18,Low,Medium,0,0,0,0,0
SEG-011,2024-05,Agra,Traction/OHE,18,Low,Medium,0,0,0,0,0
SEG-011,2024-06,Agra,Traction/OHE,18,Low,Medium,0,0,0,0,1
SEG-011,2024-07,Agra,Traction/OHE,18,Low,Medium,0,0,0,0,1
SEG-011,2024-08,Agra,Traction/OHE,18,Low,Medium,0,0,0,0,1
SEG-011,2024-09,Agra,Traction/OHE,18,Low,Medium,0,0,0,0,1
SEG-011,2024-10,Agra,Traction/OHE,18,Low,Medium,0,0,0,0,0
SEG-011,2024-11,Agra,Traction/OHE,18,Low,Medium,0,0,0,0,0
SEG-011,2024-12,Agra,Traction/OHE,18,Low,Medium,0,0,0,0,0
SEG-011,2025-01,Agra,Traction/OHE,18,Low,Medium,0,0,0,0,0
SEG-011,2025-02,Agra,Traction/OHE,18,Low,Medium,0,0,0,0,0
SEG-011,2025-03,Agra,Traction/OHE,18,Low,Medium,0,0,0,0,0
SEG-011,2025-04,Agra,Traction/OHE,18,Low,Medium,0,0,0,0,0
SEG-011,2025-05,Agra,Traction/OHE,18,Low,Medium,0,0,0,0,0
SEG-011,2025-06,Agra,Traction/OHE,18,Low,Medium,0,0,0,0,1
SEG-011,2025-07,Agra,Traction/OHE,18,Low,Medium,0,0,0,0,1
SEG-011,2025-08,Agra,Traction/OHE,18,Low,Medium,0,0,0,0,1
SEG-011,2025-09,Agra,Traction/OHE,18,Low,Medium,0,0,0,0,1
SEG-011,2025-10,Agra,Traction/OHE,18,Low,Medium,0,0,0,0,0
SEG-011,2025-11,Agra,Traction/OHE,18,Low,Medium,0,0,0,0,0
SEG-011,2025-12,Agra,Traction/OHE,18,Low,Medium,0,0,0,0,0
SEG-012,2024-01,Delhi,Traction/OHE,43,Low,High,0,0,0,0,0
SEG-012,2024-02,Delhi,Traction/OHE,43,Low,High,0,0,0,0,0
SEG-012,2024-03,Delhi,Traction/OHE,43,Low,High,0,0,0,0,0
SEG-012,2024-04,Delhi,Traction/OHE,43,Low,High,0,0,0,0,0
SEG-012,2024-05,Delhi,Traction/OHE,43,Low,High,0,0,0,0,0
SEG-012,2024-06,Delhi,Traction/OHE,43,Low,High,0,0,0,0,1
SEG-012,2024-07,Delhi,Traction/OHE,43,Low,High,0,0,0,0,1
SEG-012,2024-08,Delhi,Traction/OHE,43,Low,High,0,0,0,0,1
SEG-012,2024-09,Delhi,Traction/OHE,43,Low,High,0,0,0,0,1
SEG-012,2024-10,Delhi,Traction/OHE,43,Low,High,0,0,0,0,0
SEG-012,2024-11,Delhi,Traction/OHE,43,Low,High,0,0,0,0,0
SEG-012,2024-12,Delhi,Traction/OHE,43,Low,High,0,0,0,0,0
SEG-012,2025-01,Delhi,Traction/OHE,43,Low,High,0,0,0,0,0
SEG-012,2025-02,Delhi,Traction/OHE,43,Low,High,0,0,0,0,0
SEG-012,2025-03,Delhi,Traction/OHE,43,Low,High,0,0,0,0,0
SEG-012,2025-04,Delhi,Traction/OHE,43,Low,High,0,0,0,0,0
SEG-012,2025-05,Delhi,Traction/OHE,43,Low,High,0,0,0,0,0
SEG-012,2025-06,Delhi,Traction/OHE,43,Low,High,0,0,0,0,1
SEG-012,2025-07,Delhi,Traction/OHE,43,Low,High,0,0,0,0,1
SEG-012,2025-08,Delhi,Traction/OHE,43,Low,High,0,0,0,0,1
SEG-012,2025-09,Delhi,Traction/OHE,43,Low,High,0,0,0,0,1
SEG-012,2025-10,Delhi,Traction/OHE,43,Low,High,0,0,0,0,0
SEG-012,2025-11,Delhi,Traction/OHE,43,Low,High,0,0,0,0,0
SEG-012,2025-12,Delhi,Traction/OHE,43,Low,High,0,0,0,0,0
SEG-013,2024-01,Agra,Track,28,Medium,High,0,0,0,0,0
SEG-013,2024-02,Agra,Track,28,Medium,High,0,0,0,0,0
SEG-013,2024-03,Agra,Track,28,Medium,High,0,0,0,0,0
SEG-013,2024-04,Agra,Track,28,Medium,High,0,0,0,0,0
SEG-013,2024-05,Agra,Track,28,Medium,High,0,0,0,0,0
SEG-013,2024-06,Agra,Track,28,Medium,High,0,0,0,0,1
SEG-013,2024-07,Agra,Track,28,Medium,High,0,0,0,0,1
SEG-013,2024-08,Agra,Track,28,Medium,High,0,0,0,0,1
SEG-013,2024-09,Agra,Track,28,Medium,High,0,0,0,0,1
SEG-013,2024-10,Agra,Track,28,Medium,High,0,0,0,0,0
SEG-013,2024-11,Agra,Track,28,Medium,High,0,0,0,0,0
SEG-013,2024-12,Agra,Track,28,Medium,High,0,0,0,0,0
SEG-013,2025-01,Agra,Track,28,Medium,High,0,0,0,0,0
SEG-013,2025-02,Agra,Track,28,Medium,High,0,0,0,0,0
SEG-013,2025-03,Agra,Track,28,Medium,High,0,0,0,0,0
SEG-013,2025-04,Agra,Track,28,Medium,High,0,0,0,0,0
SEG-013,2025-05,Agra,Track,28,Medium,High,0,0,0,0,0
SEG-013,2025-06,Agra,Track,28,Medium,High,0,0,0,0,1
SEG-013,2025-07,Agra,Track,28,Medium,High,0,0,0,0,1
SEG-013,2025-08,Agra,Track,28,Medium,High,0,0,0,0,1
SEG-013,2025-09,Agra,Track,28,Medium,High,0,0,0,0,1
SEG-013,2025-10,Agra,Track,28,Medium,High,0,0,0,0,0
SEG-013,2025-11,Agra,Track,28,Medium,High,0,0,0,0,0
SEG-013,2025-12,Agra,Track,28,Medium,High,0,0,0,0,0
SEG-014,2024-01,Delhi,Track,21,Medium,High,0,0,0,0,0
SEG-014,2024-02,Delhi,Track,21,Medium,High,0,0,0,0,0
SEG-014,2024-03,Delhi,Track,21,Medium,High,0,0,0,0,0
SEG-014,2024-04,Delhi,Track,21,Medium,High,0,0,0,0,0
SEG-014,2024-05,Delhi,Track,21,Medium,High,0,0,0,0,0
SEG-014,2024-06,Delhi,Track,21,Medium,High,0,0,0,0,1
SEG-014,2024-07,Delhi,Track,21,Medium,High,0,0,0,0,1
SEG-014,2024-08,Delhi,Track,21,Medium,High,0,0,0,0,1
SEG-014,2024-09,Delhi,Track,21,Medium,High,0,0,0,0,1
SEG-014,2024-10,Delhi,Track,21,Medium,High,0,0,0,0,0
SEG-014,2024-11,Delhi,Track,21,Medium,High,0,0,0,0,0
SEG-014,2024-12,Delhi,Track,21,Medium,High,0,0,0,0,0
SEG-014,2025-01,Delhi,Track,21,Medium,High,0,0,0,0,0
SEG-014,2025-02,Delhi,Track,21,Medium,High,0,0,0,0,0
SEG-014,2025-03,Delhi,Track,21,Medium,High,0,0,0,0,0
SEG-014,2025-04,Delhi,Track,21,Medium,High,0,0,0,0,0
SEG-014,2025-05,Delhi,Track,21,Medium,High,0,0,0,0,0
SEG-014,2025-06,Delhi,Track,21,Medium,High,0,0,0,0,1
SEG-014,2025-07,Delhi,Track,21,Medium,High,0,0,0,0,1
SEG-014,2025-08,Delhi,Track,21,Medium,High,0,0,0,0,1
SEG-014,2025-09,Delhi,Track,21,Medium,High,0,0,0,0,1
SEG-014,2025-10,Delhi,Track,21,Medium,High,0,0,0,0,0
SEG-014,2025-11,Delhi,Track,21,Medium,High,0,0,0,0,0
SEG-014,2025-12,Delhi,Track,21,Medium,High,0,1,0,0,0
SEG-015,2024-01,Agra,S&T,23,Medium,Medium,0,1,0,0,0
SEG-015,2024-02,Agra,S&T,23,Medium,Medium,0,0,0,0,0
SEG-015,2024-03,Agra,S&T,23,Medium,Medium,0,0,0,0,0
SEG-015,2024-04,Agra,S&T,23,Medium,Medium,0,0,0,0,0
SEG-015,2024-05,Agra,S&T,23,Medium,Medium,0,0,0,0,0
SEG-015,2024-06,Agra,S&T,23,Medium,Medium,0,0,0,0,1
SEG-015,2024-07,Agra,S&T,23,Medium,Medium,0,0,0,0,1
SEG-015,2024-08,Agra,S&T,23,Medium,Medium,0,0,0,0,1
SEG-015,2024-09,Agra,S&T,23,Medium,Medium,0,0,0,0,1
SEG-015,2024-10,Agra,S&T,23,Medium,Medium,0,0,0,0,0
SEG-015,2024-11,Agra,S&T,23,Medium,Medium,0,0,0,0,0
SEG-015,2024-12,Agra,S&T,23,Medium,Medium,0,0,0,0,0
SEG-015,2025-01,Agra,S&T,23,Medium,Medium,0,0,0,0,0
SEG-015,2025-02,Agra,S&T,23,Medium,Medium,0,0,0,0,0
SEG-015,2025-03,Agra,S&T,23,Medium,Medium,0,0,0,0,0
SEG-015,2025-04,Agra,S&T,23,Medium,Medium,0,0,0,0,0
SEG-015,2025-05,Agra,S&T,23,Medium,Medium,0,0,0,0,0
SEG-015,2025-06,Agra,S&T,23,Medium,Medium,0,0,0,0,1
SEG-015,2025-07,Agra,S&T,23,Medium,Medium,0,0,0,0,1
SEG-015,2025-08,Agra,S&T,23,Medium,Medium,0,0,0,0,1
SEG-015,2025-09,Agra,S&T,23,Medium,Medium,0,0,0,0,1
SEG-015,2025-10,Agra,S&T,23,Medium,Medium,0,0,0,0,0
SEG-015,2025-11,Agra,S&T,23,Medium,Medium,0,0,0,0,0
SEG-015,2025-12,Agra,S&T,23,Medium,Medium,0,0,0,0,0
SEG-016,2024-01,Delhi,S&T,31,Low,Medium,0,0,0,0,0
SEG-016,2024-02,Delhi,S&T,31,Low,Medium,0,0,0,0,0
SEG-016,2024-03,Delhi,S&T,31,Low,Medium,0,0,0,0,0
SEG-016,2024-04,Delhi,S&T,31,Low,Medium,0,0,0,0,0
SEG-016,2024-05,Delhi,S&T,31,Low,Medium,0,0,0,0,0
SEG-016,2024-06,Delhi,S&T,31,Low,Medium,0,0,0,0,1
SEG-016,2024-07,Delhi,S&T,31,Low,Medium,0,0,0,0,1
SEG-016,2024-08,Delhi,S&T,31,Low,Medium,0,0,0,0,1
SEG-016,2024-09,Delhi,S&T,31,Low,Medium,0,0,0,0,1
SEG-016,2024-10,Delhi,S&T,31,Low,Medium,0,0,0,0,0
SEG-016,2024-11,Delhi,S&T,31,Low,Medium,0,0,0,0,0
SEG-016,2024-12,Delhi,S&T,31,Low,Medium,0,0,0,0,0
SEG-016,2025-01,Delhi,S&T,31,Low,Medium,0,0,0,0,0
SEG-016,2025-02,Delhi,S&T,31,Low,Medium,0,0,0,0,0
SEG-016,2025-03,Delhi,S&T,31,Low,Medium,0,0,0,0,0
SEG-016,2025-04,Delhi,S&T,31,Low,Medium,0,0,0,0,0
SEG-016,2025-05,Delhi,S&T,31,Low,Medium,0,0,0,0,0
SEG-016,2025-06,Delhi,S&T,31,Low,Medium,0,0,0,0,1
SEG-016,2025-07,Delhi,S&T,31,Low,Medium,0,0,0,0,1
SEG-016,2025-08,Delhi,S&T,31,Low,Medium,0,0,0,0,1
SEG-016,2025-09,Delhi,S&T,31,Low,Medium,0,0,0,0,1
SEG-016,2025-10,Delhi,S&T,31,Low,Medium,0,0,0,0,0
SEG-016,2025-11,Delhi,S&T,31,Low,Medium,0,0,0,0,0
SEG-016,2025-12,Delhi,S&T,31,Low,Medium,0,0,0,0,0
SEG-017,2024-01,Agra,Traction/OHE,15,Medium,Medium,0,0,0,0,0
SEG-017,2024-02,Agra,Traction/OHE,15,Medium,Medium,0,0,0,0,0
SEG-017,2024-03,Agra,Traction/OHE,15,Medium,Medium,0,0,0,0,0
SEG-017,2024-04,Agra,Traction/OHE,15,Medium,Medium,0,0,0,0,0
SEG-017,2024-05,Agra,Traction/OHE,15,Medium,Medium,0,0,0,0,0
SEG-017,2024-06,Agra,Traction/OHE,15,Medium,Medium,0,0,0,0,1
SEG-017,2024-07,Agra,Traction/OHE,15,Medium,Medium,0,0,0,0,1
SEG-017,2024-08,Agra,Traction/OHE,15,Medium,Medium,0,0,0,0,1
SEG-017,2024-09,Agra,Traction/OHE,15,Medium,Medium,0,0,0,0,1
SEG-017,2024-10,Agra,Traction/OHE,15,Medium,Medium,0,0,0,0,0
SEG-017,2024-11,Agra,Traction/OHE,15,Medium,Medium,0,0,0,0,0
SEG-017,2024-12,Agra,Traction/OHE,15,Medium,Medium,0,0,0,0,0
SEG-017,2025-01,Agra,Traction/OHE,15,Medium,Medium,0,0,0,0,0
SEG-017,2025-02,Agra,Traction/OHE,15,Medium,Medium,0,0,0,0,0
SEG-017,2025-03,Agra,Traction/OHE,15,Medium,Medium,0,0,0,0,0
SEG-017,2025-04,Agra,Traction/OHE,15,Medium,Medium,0,0,0,0,0
SEG-017,2025-05,Agra,Traction/OHE,15,Medium,Medium,0,0,0,0,0
SEG-017,2025-06,Agra,Traction/OHE,15,Medium,Medium,0,0,0,0,1
SEG-017,2025-07,Agra,Traction/OHE,15,Medium,Medium,0,0,0,0,1
SEG-017,2025-08,Agra,Traction/OHE,15,Medium,Medium,0,0,0,0,1
SEG-017,2025-09,Agra,Traction/OHE,15,Medium,Medium,0,0,0,0,1
SEG-017,2025-10,Agra,Traction/OHE,15,Medium,Medium,0,0,0,0,0
SEG-017,2025-11,Agra,Traction/OHE,15,Medium,Medium,0,0,0,0,0
SEG-017,2025-12,Agra,Traction/OHE,15,Medium,Medium,0,0,0,0,0
SEG-018,2024-01,Delhi,Traction/OHE,46,High,High,0,0,0,0,0
SEG-018,2024-02,Delhi,Traction/OHE,46,High,High,0,0,0,0,0
SEG-018,2024-03,Delhi,Traction/OHE,46,High,High,0,0,0,0,0
SEG-018,2024-04,Delhi,Traction/OHE,46,High,High,0,0,0,0,0
SEG-018,2024-05,Delhi,Traction/OHE,46,High,High,0,0,0,0,0
SEG-018,2024-06,Delhi,Traction/OHE,46,High,High,0,0,0,0,1
SEG-018,2024-07,Delhi,Traction/OHE,46,High,High,0,0,0,0,1
SEG-018,2024-08,Delhi,Traction/OHE,46,High,High,0,0,0,0,1
SEG-018,2024-09,Delhi,Traction/OHE,46,High,High,0,0,0,0,1
SEG-018,2024-10,Delhi,Traction/OHE,46,High,High,0,0,0,0,0
SEG-018,2024-11,Delhi,Traction/OHE,46,High,High,0,0,0,0,0
SEG-018,2024-12,Delhi,Traction/OHE,46,High,High,0,0,0,0,0
SEG-018,2025-01,Delhi,Traction/OHE,46,High,High,0,0,0,0,0
SEG-018,2025-02,Delhi,Traction/OHE,46,High,High,0,0,0,0,0
SEG-018,2025-03,Delhi,Traction/OHE,46,High,High,0,0,0,0,0
SEG-018,2025-04,Delhi,Traction/OHE,46,High,High,0,0,0,0,0
SEG-018,2025-05,Delhi,Traction/OHE,46,High,High,0,0,0,0,0
SEG-018,2025-06,Delhi,Traction/OHE,46,High,High,0,0,0,0,1
SEG-018,2025-07,Delhi,Traction/OHE,46,High,High,0,0,0,0,1
SEG-018,2025-08,Delhi,Traction/OHE,46,High,High,0,0,0,0,1
SEG-018,2025-09,Delhi,Traction/OHE,46,High,High,0,0,0,0,1
SEG-018,2025-10,Delhi,Traction/OHE,46,High,High,0,0,0,0,0
SEG-018,2025-11,Delhi,Traction/OHE,46,High,High,0,0,0,0,0
SEG-018,2025-12,Delhi,Traction/OHE,46,High,High,0,0,0,0,0
SEG-019,2024-01,Agra,Track,15,Medium,Low,0,0,0,0,0
SEG-019,2024-02,Agra,Track,15,Medium,Low,0,0,0,0,0
SEG-019,2024-03,Agra,Track,15,Medium,Low,0,0,0,0,0
SEG-019,2024-04,Agra,Track,15,Medium,Low,0,0,0,0,0
SEG-019,2024-05,Agra,Track,15,Medium,Low,0,0,0,0,0
SEG-019,2024-06,Agra,Track,15,Medium,Low,0,0,0,0,1
SEG-019,2024-07,Agra,Track,15,Medium,Low,0,0,0,0,1
SEG-019,2024-08,Agra,Track,15,Medium,Low,0,0,0,0,1
SEG-019,2024-09,Agra,Track,15,Medium,Low,0,0,0,0,1
SEG-019,2024-10,Agra,Track,15,Medium,Low,0,0,0,0,0
SEG-019,2024-11,Agra,Track,15,Medium,Low,0,0,0,0,0
SEG-019,2024-12,Agra,Track,15,Medium,Low,0,0,0,0,0
SEG-019,2025-01,Agra,Track,15,Medium,Low,0,0,0,0,0
SEG-019,2025-02,Agra,Track,15,Medium,Low,0,0,0,0,0
SEG-019,2025-03,Agra,Track,15,Medium,Low,0,0,0,0,0
SEG-019,2025-04,Agra,Track,15,Medium,Low,0,0,0,0,0
SEG-019,2025-05,Agra,Track,15,Medium,Low,0,1,0,0,0
SEG-019,2025-06,Agra,Track,15,Medium,Low,0,0,0,0,1
SEG-019,2025-07,Agra,Track,15,Medium,Low,0,0,0,0,1
SEG-019,2025-08,Agra,Track,15,Medium,Low,0,0,0,0,1
SEG-019,2025-09,Agra,Track,15,Medium,Low,0,0,0,0,1
SEG-019,2025-10,Agra,Track,15,Medium,Low,0,0,0,0,0
SEG-019,2025-11,Agra,Track,15,Medium,Low,0,0,0,0,0
SEG-019,2025-12,Agra,Track,15,Medium,Low,0,0,0,0,0
SEG-020,2024-01,Delhi,Track,35,Medium,Medium,0,0,0,0,0
SEG-020,2024-02,Delhi,Track,35,Medium,Medium,0,0,0,0,0
SEG-020,2024-03,Delhi,Track,35,Medium,Medium,0,0,0,0,0
SEG-020,2024-04,Delhi,Track,35,Medium,Medium,0,0,0,0,0
SEG-020,2024-05,Delhi,Track,35,Medium,Medium,0,0,0,0,0
SEG-020,2024-06,Delhi,Track,35,Medium,Medium,0,0,0,0,1
SEG-020,2024-07,Delhi,Track,35,Medium,Medium,0,1,0,0,1
SEG-020,2024-08,Delhi,Track,35,Medium,Medium,0,0,0,0,1
SEG-020,2024-09,Delhi,Track,35,Medium,Medium,0,0,0,0,1
SEG-020,2024-10,Delhi,Track,35,Medium,Medium,0,0,0,0,0
SEG-020,2024-11,Delhi,Track,35,Medium,Medium,0,0,0,0,0
SEG-020,2024-12,Delhi,Track,35,Medium,Medium,0,0,0,0,0
SEG-020,2025-01,Delhi,Track,35,Medium,Medium,0,0,0,0,0
SEG-020,2025-02,Delhi,Track,35,Medium,Medium,0,0,0,0,0
SEG-020,2025-03,Delhi,Track,35,Medium,Medium,0,0,0,0,0
SEG-020,2025-04,Delhi,Track,35,Medium,Medium,0,0,0,0,0
SEG-020,2025-05,Delhi,Track,35,Medium,Medium,0,0,0,0,0
SEG-020,2025-06,Delhi,Track,35,Medium,Medium,0,0,0,0,1
SEG-020,2025-07,Delhi,Track,35,Medium,Medium,0,0,0,0,1
SEG-020,2025-08,Delhi,Track,35,Medium,Medium,0,0,0,0,1
SEG-020,2025-09,Delhi,Track,35,Medium,Medium,0,0,0,0,1
SEG-020,2025-10,Delhi,Track,35,Medium,Medium,0,0,0,0,0
SEG-020,2025-11,Delhi,Track,35,Medium,Medium,0,0,0,0,0
SEG-020,2025-12,Delhi,Track,35,Medium,Medium,0,0,0,0,0
SEG-021,2024-01,Agra,S&T,19,High,Medium,0,0,0,0,0
SEG-021,2024-02,Agra,S&T,19,High,Medium,0,0,0,0,0
SEG-021,2024-03,Agra,S&T,19,High,Medium,0,0,0,0,0
SEG-021,2024-04,Agra,S&T,19,High,Medium,0,0,0,0,0
SEG-021,2024-05,Agra,S&T,19,High,Medium,0,0,0,0,0
SEG-021,2024-06,Agra,S&T,19,High,Medium,0,0,0,0,1
SEG-021,2024-07,Agra,S&T,19,High,Medium,0,0,0,0,1
SEG-021,2024-08,Agra,S&T,19,High,Medium,0,0,0,0,1
SEG-021,2024-09,Agra,S&T,19,High,Medium,0,0,0,0,1
SEG-021,2024-10,Agra,S&T,19,High,Medium,0,1,0,0,0
SEG-021,2024-11,Agra,S&T,19,High,Medium,0,0,0,0,0
SEG-021,2024-12,Agra,S&T,19,High,Medium,0,0,0,0,0
SEG-021,2025-01,Agra,S&T,19,High,Medium,0,0,0,0,0
SEG-021,2025-02,Agra,S&T,19,High,Medium,0,0,0,0,0
SEG-021,2025-03,Agra,S&T,19,High,Medium,0,0,0,0,0
SEG-021,2025-04,Agra,S&T,19,High,Medium,0,0,0,0,0
SEG-021,2025-05,Agra,S&T,19,High,Medium,0,0,0,0,0
SEG-021,2025-06,Agra,S&T,19,High,Medium,0,0,0,0,1
SEG-021,2025-07,Agra,S&T,19,High,Medium,0,0,0,0,1
SEG-021,2025-08,Agra,S&T,19,High,Medium,0,0,0,0,1
SEG-021,2025-09,Agra,S&T,19,High,Medium,0,0,0,0,1
SEG-021,2025-10,Agra,S&T,19,High,Medium,0,0,0,0,0
SEG-021,2025-11,Agra,S&T,19,High,Medium,0,0,0,0,0
SEG-021,2025-12,Agra,S&T,19,High,Medium,0,0,0,0,0
SEG-022,2024-01,Delhi,S&T,20,High,Medium,0,0,0,0,0
SEG-022,2024-02,Delhi,S&T,20,High,Medium,0,0,0,0,0
SEG-022,2024-03,Delhi,S&T,20,High,Medium,0,0,0,0,0
SEG-022,2024-04,Delhi,S&T,20,High,Medium,0,0,0,0,0
SEG-022,2024-05,Delhi,S&T,20,High,Medium,0,0,0,0,0
SEG-022,2024-06,Delhi,S&T,20,High,Medium,0,0,0,0,1
SEG-022,2024-07,Delhi,S&T,20,High,Medium,0,0,0,0,1
SEG-022,2024-08,Delhi,S&T,20,High,Medium,0,0,0,0,1
SEG-022,2024-09,Delhi,S&T,20,High,Medium,0,0,0,0,1
SEG-022,2024-10,Delhi,S&T,20,High,Medium,0,0,0,0,0
SEG-022,2024-11,Delhi,S&T,20,High,Medium,0,0,0,0,0
SEG-022,2024-12,Delhi,S&T,20,High,Medium,0,0,0,0,0
SEG-022,2025-01,Delhi,S&T,20,High,Medium,0,0,0,0,0
SEG-022,2025-02,Delhi,S&T,20,High,Medium,0,0,0,0,0
SEG-022,2025-03,Delhi,S&T,20,High,Medium,0,0,0,0,0
SEG-022,2025-04,Delhi,S&T,20,High,Medium,0,0,0,0,0
SEG-022,2025-05,Delhi,S&T,20,High,Medium,0,0,0,0,0
SEG-022,2025-06,Delhi,S&T,20,High,Medium,0,0,0,0,1
SEG-022,2025-07,Delhi,S&T,20,High,Medium,0,0,0,0,1
SEG-022,2025-08,Delhi,S&T,20,High,Medium,0,0,0,0,1
SEG-022,2025-09,Delhi,S&T,20,High,Medium,0,0,0,0,1
SEG-022,2025-10,Delhi,S&T,20,High,Medium,0,0,0,0,0
SEG-022,2025-11,Delhi,S&T,20,High,Medium,0,0,0,0,0
SEG-022,2025-12,Delhi,S&T,20,High,Medium,0,0,0,0,0
SEG-023,2024-01,Agra,Traction/OHE,8,Medium,Low,0,0,0,0,0
SEG-023,2024-02,Agra,Traction/OHE,8,Medium,Low,0,0,0,0,0
SEG-023,2024-03,Agra,Traction/OHE,8,Medium,Low,0,0,0,0,0
SEG-023,2024-04,Agra,Traction/OHE,8,Medium,Low,0,0,0,0,0
SEG-023,2024-05,Agra,Traction/OHE,8,Medium,Low,0,0,0,0,0
SEG-023,2024-06,Agra,Traction/OHE,8,Medium,Low,0,0,0,0,1
SEG-023,2024-07,Agra,Traction/OHE,8,Medium,Low,0,0,0,0,1
SEG-023,2024-08,Agra,Traction/OHE,8,Medium,Low,0,0,0,0,1
SEG-023,2024-09,Agra,Traction/OHE,8,Medium,Low,0,0,0,0,1
SEG-023,2024-10,Agra,Traction/OHE,8,Medium,Low,0,0,0,0,0
SEG-023,2024-11,Agra,Traction/OHE,8,Medium,Low,0,0,0,0,0
SEG-023,2024-12,Agra,Traction/OHE,8,Medium,Low,0,0,0,0,0
SEG-023,2025-01,Agra,Traction/OHE,8,Medium,Low,0,0,0,0,0
SEG-023,2025-02,Agra,Traction/OHE,8,Medium,Low,0,0,0,0,0
SEG-023,2025-03,Agra,Traction/OHE,8,Medium,Low,0,0,0,0,0
SEG-023,2025-04,Agra,Traction/OHE,8,Medium,Low,0,0,0,0,0
SEG-023,2025-05,Agra,Traction/OHE,8,Medium,Low,0,0,0,0,0
SEG-023,2025-06,Agra,Traction/OHE,8,Medium,Low,0,0,0,0,1
SEG-023,2025-07,Agra,Traction/OHE,8,Medium,Low,0,0,0,0,1
SEG-023,2025-08,Agra,Traction/OHE,8,Medium,Low,0,0,0,0,1
SEG-023,2025-09,Agra,Traction/OHE,8,Medium,Low,0,0,0,0,1
SEG-023,2025-10,Agra,Traction/OHE,8,Medium,Low,0,0,0,0,0
SEG-023,2025-11,Agra,Traction/OHE,8,Medium,Low,0,0,0,0,0
SEG-023,2025-12,Agra,Traction/OHE,8,Medium,Low,0,0,0,0,0
SEG-024,2024-01,Delhi,Traction/OHE,27,Low,Medium,0,0,0,0,0
SEG-024,2024-02,Delhi,Traction/OHE,27,Low,Medium,0,1,0,0,0
SEG-024,2024-03,Delhi,Traction/OHE,27,Low,Medium,0,0,0,0,0
SEG-024,2024-04,Delhi,Traction/OHE,27,Low,Medium,0,0,0,0,0
SEG-024,2024-05,Delhi,Traction/OHE,27,Low,Medium,0,0,0,0,0
SEG-024,2024-06,Delhi,Traction/OHE,27,Low,Medium,0,0,0,0,1
SEG-024,2024-07,Delhi,Traction/OHE,27,Low,Medium,0,0,0,0,1
SEG-024,2024-08,Delhi,Traction/OHE,27,Low,Medium,0,0,0,0,1
SEG-024,2024-09,Delhi,Traction/OHE,27,Low,Medium,0,0,0,0,1
SEG-024,2024-10,Delhi,Traction/OHE,27,Low,Medium,0,0,0,0,0
SEG-024,2024-11,Delhi,Traction/OHE,27,Low,Medium,0,0,0,0,0
SEG-024,2024-12,Delhi,Traction/OHE,27,Low,Medium,0,0,0,0,0
SEG-024,2025-01,Delhi,Traction/OHE,27,Low,Medium,0,0,0,0,0
SEG-024,2025-02,Delhi,Traction/OHE,27,Low,Medium,0,0,0,0,0
SEG-024,2025-03,Delhi,Traction/OHE,27,Low,Medium,0,0,0,0,0
SEG-024,2025-04,Delhi,Traction/OHE,27,Low,Medium,0,1,0,0,0
SEG-024,2025-05,Delhi,Traction/OHE,27,Low,Medium,0,0,0,0,0
SEG-024,2025-06,Delhi,Traction/OHE,27,Low,Medium,0,0,0,0,1
SEG-024,2025-07,Delhi,Traction/OHE,27,Low,Medium,0,0,0,0,1
SEG-024,2025-08,Delhi,Traction/OHE,27,Low,Medium,0,0,0,0,1
SEG-024,2025-09,Delhi,Traction/OHE,27,Low,Medium,0,0,0,0,1
SEG-024,2025-10,Delhi,Traction/OHE,27,Low,Medium,0,0,0,0,0
SEG-024,2025-11,Delhi,Traction/OHE,27,Low,Medium,0,0,0,0,0
SEG-024,2025-12,Delhi,Traction/OHE,27,Low,Medium,0,0,0,0,0
SEG-025,2024-01,Agra,Track,12,Medium,Low,0,0,0,0,0
SEG-025,2024-02,Agra,Track,12,Medium,Low,0,0,0,0,0
SEG-025,2024-03,Agra,Track,12,Medium,Low,0,1,0,0,0
SEG-025,2024-04,Agra,Track,12,Medium,Low,0,0,0,0,0
SEG-025,2024-05,Agra,Track,12,Medium,Low,0,0,0,0,0
SEG-025,2024-06,Agra,Track,12,Medium,Low,0,0,0,0,1
SEG-025,2024-07,Agra,Track,12,Medium,Low,0,0,0,0,1
SEG-025,2024-08,Agra,Track,12,Medium,Low,0,0,0,0,1
SEG-025,2024-09,Agra,Track,12,Medium,Low,0,0,0,0,1
SEG-025,2024-10,Agra,Track,12,Medium,Low,0,0,0,0,0
SEG-025,2024-11,Agra,Track,12,Medium,Low,0,0,0,0,0
SEG-025,2024-12,Agra,Track,12,Medium,Low,0,0,0,0,0
SEG-025,2025-01,Agra,Track,12,Medium,Low,0,0,0,0,0
SEG-025,2025-02,Agra,Track,12,Medium,Low,0,0,0,0,0
SEG-025,2025-03,Agra,Track,12,Medium,Low,0,0,0,0,0
SEG-025,2025-04,Agra,Track,12,Medium,Low,0,0,0,0,0
SEG-025,2025-05,Agra,Track,12,Medium,Low,0,0,0,0,0
SEG-025,2025-06,Agra,Track,12,Medium,Low,0,0,0,0,1
SEG-025,2025-07,Agra,Track,12,Medium,Low,0,0,0,0,1
SEG-025,2025-08,Agra,Track,12,Medium,Low,0,0,0,0,1
SEG-025,2025-09,Agra,Track,12,Medium,Low,0,0,0,0,1
SEG-025,2025-10,Agra,Track,12,Medium,Low,0,0,0,0,0
SEG-025,2025-11,Agra,Track,12,Medium,Low,0,0,0,0,0
SEG-025,2025-12,Agra,Track,12,Medium,Low,0,0,0,0,0
SEG-026,2024-01,Delhi,Track,18,Low,Medium,0,0,0,0,0
SEG-026,2024-02,Delhi,Track,18,Low,Medium,0,0,0,0,0
SEG-026,2024-03,Delhi,Track,18,Low,Medium,0,0,0,0,0
SEG-026,2024-04,Delhi,Track,18,Low,Medium,0,0,0,0,0
SEG-026,2024-05,Delhi,Track,18,Low,Medium,0,0,0,0,0
SEG-026,2024-06,Delhi,Track,18,Low,Medium,0,0,0,0,1
SEG-026,2024-07,Delhi,Track,18,Low,Medium,0,0,0,0,1
SEG-026,2024-08,Delhi,Track,18,Low,Medium,0,0,0,0,1
SEG-026,2024-09,Delhi,Track,18,Low,Medium,0,0,0,0,1
SEG-026,2024-10,Delhi,Track,18,Low,Medium,0,0,0,0,0
SEG-026,2024-11,Delhi,Track,18,Low,Medium,0,0,0,0,0
SEG-026,2024-12,Delhi,Track,18,Low,Medium,0,0,0,0,0
SEG-026,2025-01,Delhi,Track,18,Low,Medium,0,0,0,0,0
SEG-026,2025-02,Delhi,Track,18,Low,Medium,0,0,0,0,0
SEG-026,2025-03,Delhi,Track,18,Low,Medium,0,0,0,0,0
SEG-026,2025-04,Delhi,Track,18,Low,Medium,0,0,0,0,0
SEG-026,2025-05,Delhi,Track,18,Low,Medium,0,0,0,0,0
SEG-026,2025-06,Delhi,Track,18,Low,Medium,0,0,0,0,1
SEG-026,2025-07,Delhi,Track,18,Low,Medium,0,0,0,0,1
SEG-026,2025-08,Delhi,Track,18,Low,Medium,0,0,0,0,1
SEG-026,2025-09,Delhi,Track,18,Low,Medium,0,0,0,0,1
SEG-026,2025-10,Delhi,Track,18,Low,Medium,0,0,0,0,0
SEG-026,2025-11,Delhi,Track,18,Low,Medium,0,0,0,0,0
SEG-026,2025-12,Delhi,Track,18,Low,Medium,0,0,0,0,0
SEG-027,2024-01,Agra,S&T,20,Medium,Medium,0,0,0,0,0
SEG-027,2024-02,Agra,S&T,20,Medium,Medium,0,0,0,0,0
SEG-027,2024-03,Agra,S&T,20,Medium,Medium,0,0,0,0,0
SEG-027,2024-04,Agra,S&T,20,Medium,Medium,0,0,0,0,0
SEG-027,2024-05,Agra,S&T,20,Medium,Medium,0,0,0,0,0
SEG-027,2024-06,Agra,S&T,20,Medium,Medium,0,0,0,0,1
SEG-027,2024-07,Agra,S&T,20,Medium,Medium,0,0,0,0,1
SEG-027,2024-08,Agra,S&T,20,Medium,Medium,0,0,0,0,1
SEG-027,2024-09,Agra,S&T,20,Medium,Medium,0,0,0,0,1
SEG-027,2024-10,Agra,S&T,20,Medium,Medium,0,0,0,0,0
SEG-027,2024-11,Agra,S&T,20,Medium,Medium,0,0,0,0,0
SEG-027,2024-12,Agra,S&T,20,Medium,Medium,0,0,0,0,0
SEG-027,2025-01,Agra,S&T,20,Medium,Medium,0,0,0,0,0
SEG-027,2025-02,Agra,S&T,20,Medium,Medium,0,0,0,0,0
SEG-027,2025-03,Agra,S&T,20,Medium,Medium,0,0,0,0,0
SEG-027,2025-04,Agra,S&T,20,Medium,Medium,0,0,0,0,0
SEG-027,2025-05,Agra,S&T,20,Medium,Medium,0,0,0,0,0
SEG-027,2025-06,Agra,S&T,20,Medium,Medium,0,0,0,0,1
SEG-027,2025-07,Agra,S&T,20,Medium,Medium,0,0,0,0,1
SEG-027,2025-08,Agra,S&T,20,Medium,Medium,0,0,0,0,1
SEG-027,2025-09,Agra,S&T,20,Medium,Medium,0,0,0,0,1
SEG-027,2025-10,Agra,S&T,20,Medium,Medium,0,0,0,0,0
SEG-027,2025-11,Agra,S&T,20,Medium,Medium,0,0,0,0,0
SEG-027,2025-12,Agra,S&T,20,Medium,Medium,0,0,0,0,0
SEG-028,2024-01,Delhi,S&T,36,Medium,Low,0,0,0,0,0
SEG-028,2024-02,Delhi,S&T,36,Medium,Low,0,0,0,0,0
SEG-028,2024-03,Delhi,S&T,36,Medium,Low,0,0,0,0,0
SEG-028,2024-04,Delhi,S&T,36,Medium,Low,0,0,0,0,0
SEG-028,2024-05,Delhi,S&T,36,Medium,Low,0,0,0,0,0
SEG-028,2024-06,Delhi,S&T,36,Medium,Low,0,0,0,0,1
SEG-028,2024-07,Delhi,S&T,36,Medium,Low,0,0,0,0,1
SEG-028,2024-08,Delhi,S&T,36,Medium,Low,0,0,0,0,1
SEG-028,2024-09,Delhi,S&T,36,Medium,Low,0,0,0,0,1
SEG-028,2024-10,Delhi,S&T,36,Medium,Low,0,0,0,0,0
SEG-028,2024-11,Delhi,S&T,36,Medium,Low,0,0,0,0,0
SEG-028,2024-12,Delhi,S&T,36,Medium,Low,0,0,0,0,0
SEG-028,2025-01,Delhi,S&T,36,Medium,Low,0,0,0,0,0
SEG-028,2025-02,Delhi,S&T,36,Medium,Low,0,0,0,0,0
SEG-028,2025-03,Delhi,S&T,36,Medium,Low,0,0,0,0,0
SEG-028,2025-04,Delhi,S&T,36,Medium,Low,0,0,0,0,0
SEG-028,2025-05,Delhi,S&T,36,Medium,Low,0,0,0,0,0
SEG-028,2025-06,Delhi,S&T,36,Medium,Low,0,0,0,0,1
SEG-028,2025-07,Delhi,S&T,36,Medium,Low,0,0,0,0,1
SEG-028,2025-08,Delhi,S&T,36,Medium,Low,0,0,0,0,1
SEG-028,2025-09,Delhi,S&T,36,Medium,Low,0,0,0,0,1
SEG-028,2025-10,Delhi,S&T,36,Medium,Low,0,0,0,0,0
SEG-028,2025-11,Delhi,S&T,36,Medium,Low,0,0,0,0,0
SEG-028,2025-12,Delhi,S&T,36,Medium,Low,0,0,0,0,0
SEG-029,2024-01,Agra,Traction/OHE,22,Low,Low,0,0,0,0,0
SEG-029,2024-02,Agra,Traction/OHE,22,Low,Low,0,0,0,0,0
SEG-029,2024-03,Agra,Traction/OHE,22,Low,Low,0,0,0,0,0
SEG-029,2024-04,Agra,Traction/OHE,22,Low,Low,0,0,0,0,0
SEG-029,2024-05,Agra,Traction/OHE,22,Low,Low,0,0,0,0,0
SEG-029,2024-06,Agra,Traction/OHE,22,Low,Low,0,0,0,0,1
SEG-029,2024-07,Agra,Traction/OHE,22,Low,Low,0,0,0,0,1
SEG-029,2024-08,Agra,Traction/OHE,22,Low,Low,0,0,0,0,1
SEG-029,2024-09,Agra,Traction/OHE,22,Low,Low,0,0,0,0,1
SEG-029,2024-10,Agra,Traction/OHE,22,Low,Low,0,0,0,0,0
SEG-029,2024-11,Agra,Traction/OHE,22,Low,Low,0,0,0,0,0
SEG-029,2024-12,Agra,Traction/OHE,22,Low,Low,0,0,0,0,0
SEG-029,2025-01,Agra,Traction/OHE,22,Low,Low,0,0,0,0,0
SEG-029,2025-02,Agra,Traction/OHE,22,Low,Low,0,0,0,0,0
SEG-029,2025-03,Agra,Traction/OHE,22,Low,Low,0,0,0,0,0
SEG-029,2025-04,Agra,Traction/OHE,22,Low,Low,0,0,0,0,0
SEG-029,2025-05,Agra,Traction/OHE,22,Low,Low,0,0,0,0,0
SEG-029,2025-06,Agra,Traction/OHE,22,Low,Low,0,0,0,0,1
SEG-029,2025-07,Agra,Traction/OHE,22,Low,Low,0,0,0,0,1
SEG-029,2025-08,Agra,Traction/OHE,22,Low,Low,0,0,0,0,1
SEG-029,2025-09,Agra,Traction/OHE,22,Low,Low,0,0,0,0,1
SEG-029,2025-10,Agra,Traction/OHE,22,Low,Low,0,0,0,0,0
SEG-029,2025-11,Agra,Traction/OHE,22,Low,Low,0,0,0,0,0
SEG-029,2025-12,Agra,Traction/OHE,22,Low,Low,0,0,0,0,0
SEG-030,2024-01,Delhi,Traction/OHE,29,Low,Medium,0,0,0,0,0
SEG-030,2024-02,Delhi,Traction/OHE,29,Low,Medium,0,0,0,0,0
SEG-030,2024-03,Delhi,Traction/OHE,29,Low,Medium,0,0,0,0,0
SEG-030,2024-04,Delhi,Traction/OHE,29,Low,Medium,0,0,0,0,0
SEG-030,2024-05,Delhi,Traction/OHE,29,Low,Medium,0,0,0,0,0
SEG-030,2024-06,Delhi,Traction/OHE,29,Low,Medium,0,0,0,0,1
SEG-030,2024-07,Delhi,Traction/OHE,29,Low,Medium,0,0,0,0,1
SEG-030,2024-08,Delhi,Traction/OHE,29,Low,Medium,0,0,0,0,1
SEG-030,2024-09,Delhi,Traction/OHE,29,Low,Medium,0,0,0,0,1
SEG-030,2024-10,Delhi,Traction/OHE,29,Low,Medium,0,0,0,0,0
SEG-030,2024-11,Delhi,Traction/OHE,29,Low,Medium,0,0,0,0,0
SEG-030,2024-12,Delhi,Traction/OHE,29,Low,Medium,0,0,0,0,0
SEG-030,2025-01,Delhi,Traction/OHE,29,Low,Medium,0,0,0,0,0
SEG-030,2025-02,Delhi,Traction/OHE,29,Low,Medium,0,0,0,0,0
SEG-030,2025-03,Delhi,Traction/OHE,29,Low,Medium,0,0,0,0,0
SEG-030,2025-04,Delhi,Traction/OHE,29,Low,Medium,0,0,0,0,0
SEG-030,2025-05,Delhi,Traction/OHE,29,Low,Medium,0,0,0,0,0
SEG-030,2025-06,Delhi,Traction/OHE,29,Low,Medium,0,0,0,0,1
SEG-030,2025-07,Delhi,Traction/OHE,29,Low,Medium,0,0,0,0,1
SEG-030,2025-08,Delhi,Traction/OHE,29,Low,Medium,0,0,0,0,1
SEG-030,2025-09,Delhi,Traction/OHE,29,Low,Medium,0,0,0,0,1
SEG-030,2025-10,Delhi,Traction/OHE,29,Low,Medium,0,0,0,0,0
SEG-030,2025-11,Delhi,Traction/OHE,29,Low,Medium,0,0,0,0,0
SEG-030,2025-12,Delhi,Traction/OHE,29,Low,Medium,0,0,0,0,0
SEG-031,2024-01,Agra,Track,44,Medium,Medium,0,0,0,0,0
SEG-031,2024-02,Agra,Track,44,Medium,Medium,0,0,0,0,0
SEG-031,2024-03,Agra,Track,44,Medium,Medium,0,0,0,0,0
SEG-031,2024-04,Agra,Track,44,Medium,Medium,0,0,0,0,0
SEG-031,2024-05,Agra,Track,44,Medium,Medium,0,0,0,0,0
SEG-031,2024-06,Agra,Track,44,Medium,Medium,0,0,0,0,1
SEG-031,2024-07,Agra,Track,44,Medium,Medium,0,0,0,0,1
SEG-031,2024-08,Agra,Track,44,Medium,Medium,0,0,0,0,1
SEG-031,2024-09,Agra,Track,44,Medium,Medium,0,0,0,0,1
SEG-031,2024-10,Agra,Track,44,Medium,Medium,0,0,0,0,0
SEG-031,2024-11,Agra,Track,44,Medium,Medium,0,0,0,0,0
SEG-031,2024-12,Agra,Track,44,Medium,Medium,0,0,0,0,0
SEG-031,2025-01,Agra,Track,44,Medium,Medium,0,0,0,0,0
SEG-031,2025-02,Agra,Track,44,Medium,Medium,0,0,0,0,0
SEG-031,2025-03,Agra,Track,44,Medium,Medium,0,0,0,0,0
SEG-031,2025-04,Agra,Track,44,Medium,Medium,0,0,0,0,0
SEG-031,2025-05,Agra,Track,44,Medium,Medium,0,0,0,0,0
SEG-031,2025-06,Agra,Track,44,Medium,Medium,0,0,0,0,1
SEG-031,2025-07,Agra,Track,44,Medium,Medium,0,0,0,0,1
SEG-031,2025-08,Agra,Track,44,Medium,Medium,0,0,0,0,1
SEG-031,2025-09,Agra,Track,44,Medium,Medium,0,0,0,0,1
SEG-031,2025-10,Agra,Track,44,Medium,Medium,0,0,0,0,0
SEG-031,2025-11,Agra,Track,44,Medium,Medium,0,1,0,0,0
SEG-031,2025-12,Agra,Track,44,Medium,Medium,0,0,0,0,0
SEG-032,2024-01,Delhi,Track,35,Low,High,0,0,0,0,0
SEG-032,2024-02,Delhi,Track,35,Low,High,0,0,0,0,0
SEG-032,2024-03,Delhi,Track,35,Low,High,0,0,0,0,0
SEG-032,2024-04,Delhi,Track,35,Low,High,0,0,0,0,0
SEG-032,2024-05,Delhi,Track,35,Low,High,0,0,0,0,0
SEG-032,2024-06,Delhi,Track,35,Low,High,0,0,0,0,1
SEG-032,2024-07,Delhi,Track,35,Low,High,0,1,0,0,1
SEG-032,2024-08,Delhi,Track,35,Low,High,0,0,0,0,1
SEG-032,2024-09,Delhi,Track,35,Low,High,0,1,0,0,1
SEG-032,2024-10,Delhi,Track,35,Low,High,0,0,0,0,0
SEG-032,2024-11,Delhi,Track,35,Low,High,0,1,1,0,0
SEG-032,2024-12,Delhi,Track,35,Low,High,1,0,0,0,0
SEG-032,2025-01,Delhi,Track,35,Low,High,1,0,0,0,0
SEG-032,2025-02,Delhi,Track,35,Low,High,1,0,0,0,0
SEG-032,2025-03,Delhi,Track,35,Low,High,0,0,0,0,0
SEG-032,2025-04,Delhi,Track,35,Low,High,0,0,0,0,0
SEG-032,2025-05,Delhi,Track,35,Low,High,0,0,0,0,0
SEG-032,2025-06,Delhi,Track,35,Low,High,0,0,0,0,1
SEG-032,2025-07,Delhi,Track,35,Low,High,0,0,0,0,1
SEG-032,2025-08,Delhi,Track,35,Low,High,0,0,0,0,1
SEG-032,2025-09,Delhi,Track,35,Low,High,0,0,0,0,1
SEG-032,2025-10,Delhi,Track,35,Low,High,0,0,0,0,0
SEG-032,2025-11,Delhi,Track,35,Low,High,0,0,0,0,0
SEG-032,2025-12,Delhi,Track,35,Low,High,0,1,0,0,0
SEG-033,2024-01,Agra,S&T,14,Low,High,0,0,0,0,0
SEG-033,2024-02,Agra,S&T,14,Low,High,0,0,0,0,0
SEG-033,2024-03,Agra,S&T,14,Low,High,0,0,0,0,0
SEG-033,2024-04,Agra,S&T,14,Low,High,0,0,0,0,0
SEG-033,2024-05,Agra,S&T,14,Low,High,0,0,0,0,0
SEG-033,2024-06,Agra,S&T,14,Low,High,0,0,0,0,1
SEG-033,2024-07,Agra,S&T,14,Low,High,0,0,0,0,1
SEG-033,2024-08,Agra,S&T,14,Low,High,0,0,0,0,1
SEG-033,2024-09,Agra,S&T,14,Low,High,0,0,0,0,1
SEG-033,2024-10,Agra,S&T,14,Low,High,0,0,0,0,0
SEG-033,2024-11,Agra,S&T,14,Low,High,0,0,0,0,0
SEG-033,2024-12,Agra,S&T,14,Low,High,0,0,0,0,0
SEG-033,2025-01,Agra,S&T,14,Low,High,0,0,0,0,0
SEG-033,2025-02,Agra,S&T,14,Low,High,0,0,0,0,0
SEG-033,2025-03,Agra,S&T,14,Low,High,0,0,0,0,0
SEG-033,2025-04,Agra,S&T,14,Low,High,0,0,0,0,0
SEG-033,2025-05,Agra,S&T,14,Low,High,0,0,0,0,0
SEG-033,2025-06,Agra,S&T,14,Low,High,0,0,0,0,1
SEG-033,2025-07,Agra,S&T,14,Low,High,0,0,0,0,1
SEG-033,2025-08,Agra,S&T,14,Low,High,0,0,0,0,1
SEG-033,2025-09,Agra,S&T,14,Low,High,0,0,0,0,1
SEG-033,2025-10,Agra,S&T,14,Low,High,0,0,0,0,0
SEG-033,2025-11,Agra,S&T,14,Low,High,0,0,0,0,0
SEG-033,2025-12,Agra,S&T,14,Low,High,0,0,0,0,0
SEG-034,2024-01,Delhi,S&T,42,Low,Low,0,0,0,0,0
SEG-034,2024-02,Delhi,S&T,42,Low,Low,0,0,0,0,0
SEG-034,2024-03,Delhi,S&T,42,Low,Low,0,0,0,0,0
SEG-034,2024-04,Delhi,S&T,42,Low,Low,0,0,0,0,0
SEG-034,2024-05,Delhi,S&T,42,Low,Low,0,0,0,0,0
SEG-034,2024-06,Delhi,S&T,42,Low,Low,0,0,0,0,1
SEG-034,2024-07,Delhi,S&T,42,Low,Low,0,0,0,0,1
SEG-034,2024-08,Delhi,S&T,42,Low,Low,0,0,0,0,1
SEG-034,2024-09,Delhi,S&T,42,Low,Low,0,0,0,0,1
SEG-034,2024-10,Delhi,S&T,42,Low,Low,0,0,0,0,0
SEG-034,2024-11,Delhi,S&T,42,Low,Low,0,0,0,0,0
SEG-034,2024-12,Delhi,S&T,42,Low,Low,0,0,0,0,0
SEG-034,2025-01,Delhi,S&T,42,Low,Low,0,0,0,0,0
SEG-034,2025-02,Delhi,S&T,42,Low,Low,0,0,0,0,0
SEG-034,2025-03,Delhi,S&T,42,Low,Low,0,0,0,0,0
SEG-034,2025-04,Delhi,S&T,42,Low,Low,0,0,0,0,0
SEG-034,2025-05,Delhi,S&T,42,Low,Low,0,0,0,0,0
SEG-034,2025-06,Delhi,S&T,42,Low,Low,0,0,0,0,1
SEG-034,2025-07,Delhi,S&T,42,Low,Low,0,0,0,0,1
SEG-034,2025-08,Delhi,S&T,42,Low,Low,0,0,0,0,1
SEG-034,2025-09,Delhi,S&T,42,Low,Low,0,0,0,0,1
SEG-034,2025-10,Delhi,S&T,42,Low,Low,0,0,0,0,0
SEG-034,2025-11,Delhi,S&T,42,Low,Low,0,0,0,0,0
SEG-034,2025-12,Delhi,S&T,42,Low,Low,0,0,0,0,0
SEG-035,2024-01,Agra,Traction/OHE,36,Medium,Low,0,0,0,0,0
SEG-035,2024-02,Agra,Traction/OHE,36,Medium,Low,0,0,0,0,0
SEG-035,2024-03,Agra,Traction/OHE,36,Medium,Low,0,0,0,0,0
SEG-035,2024-04,Agra,Traction/OHE,36,Medium,Low,0,0,0,0,0
SEG-035,2024-05,Agra,Traction/OHE,36,Medium,Low,0,0,0,0,0
SEG-035,2024-06,Agra,Traction/OHE,36,Medium,Low,0,0,0,0,1
SEG-035,2024-07,Agra,Traction/OHE,36,Medium,Low,0,0,0,0,1
SEG-035,2024-08,Agra,Traction/OHE,36,Medium,Low,0,0,0,0,1
SEG-035,2024-09,Agra,Traction/OHE,36,Medium,Low,0,0,0,0,1
SEG-035,2024-10,Agra,Traction/OHE,36,Medium,Low,0,0,0,0,0
SEG-035,2024-11,Agra,Traction/OHE,36,Medium,Low,0,0,0,0,0
SEG-035,2024-12,Agra,Traction/OHE,36,Medium,Low,0,0,0,0,0
SEG-035,2025-01,Agra,Traction/OHE,36,Medium,Low,0,0,0,0,0
SEG-035,2025-02,Agra,Traction/OHE,36,Medium,Low,0,0,0,0,0
SEG-035,2025-03,Agra,Traction/OHE,36,Medium,Low,0,0,0,0,0
SEG-035,2025-04,Agra,Traction/OHE,36,Medium,Low,0,0,0,0,0
SEG-035,2025-05,Agra,Traction/OHE,36,Medium,Low,0,0,0,0,0
SEG-035,2025-06,Agra,Traction/OHE,36,Medium,Low,0,0,0,0,1
SEG-035,2025-07,Agra,Traction/OHE,36,Medium,Low,0,0,0,0,1
SEG-035,2025-08,Agra,Traction/OHE,36,Medium,Low,0,0,0,0,1
SEG-035,2025-09,Agra,Traction/OHE,36,Medium,Low,0,0,0,0,1
SEG-035,2025-10,Agra,Traction/OHE,36,Medium,Low,0,0,0,0,0
SEG-035,2025-11,Agra,Traction/OHE,36,Medium,Low,0,0,0,0,0
SEG-035,2025-12,Agra,Traction/OHE,36,Medium,Low,0,0,0,0,0
SEG-036,2024-01,Delhi,Traction/OHE,8,Low,High,0,0,0,0,0
SEG-036,2024-02,Delhi,Traction/OHE,8,Low,High,0,0,0,0,0
SEG-036,2024-03,Delhi,Traction/OHE,8,Low,High,0,0,0,0,0
SEG-036,2024-04,Delhi,Traction/OHE,8,Low,High,0,0,0,0,0
SEG-036,2024-05,Delhi,Traction/OHE,8,Low,High,0,0,0,0,0
SEG-036,2024-06,Delhi,Traction/OHE,8,Low,High,0,0,0,0,1
SEG-036,2024-07,Delhi,Traction/OHE,8,Low,High,0,0,0,0,1
SEG-036,2024-08,Delhi,Traction/OHE,8,Low,High,0,0,0,0,1
SEG-036,2024-09,Delhi,Traction/OHE,8,Low,High,0,0,0,0,1
SEG-036,2024-10,Delhi,Traction/OHE,8,Low,High,0,0,0,0,0
SEG-036,2024-11,Delhi,Traction/OHE,8,Low,High,0,0,0,0,0
SEG-036,2024-12,Delhi,Traction/OHE,8,Low,High,0,0,0,0,0
SEG-036,2025-01,Delhi,Traction/OHE,8,Low,High,0,0,0,0,0
SEG-036,2025-02,Delhi,Traction/OHE,8,Low,High,0,0,0,0,0
SEG-036,2025-03,Delhi,Traction/OHE,8,Low,High,0,0,0,0,0
SEG-036,2025-04,Delhi,Traction/OHE,8,Low,High,0,0,0,0,0
SEG-036,2025-05,Delhi,Traction/OHE,8,Low,High,0,0,0,0,0
SEG-036,2025-06,Delhi,Traction/OHE,8,Low,High,0,0,0,0,1
SEG-036,2025-07,Delhi,Traction/OHE,8,Low,High,0,0,0,0,1
SEG-036,2025-08,Delhi,Traction/OHE,8,Low,High,0,0,0,0,1
SEG-036,2025-09,Delhi,Traction/OHE,8,Low,High,0,0,0,0,1
SEG-036,2025-10,Delhi,Traction/OHE,8,Low,High,0,0,0,0,0
SEG-036,2025-11,Delhi,Traction/OHE,8,Low,High,0,0,0,0,0
SEG-036,2025-12,Delhi,Traction/OHE,8,Low,High,0,0,0,0,0
SEG-037,2024-01,Agra,Track,21,Low,Low,0,0,0,0,0
SEG-037,2024-02,Agra,Track,21,Low,Low,0,0,0,0,0
SEG-037,2024-03,Agra,Track,21,Low,Low,0,0,0,0,0
SEG-037,2024-04,Agra,Track,21,Low,Low,0,0,0,0,0
SEG-037,2024-05,Agra,Track,21,Low,Low,0,0,0,0,0
SEG-037,2024-06,Agra,Track,21,Low,Low,0,0,0,0,1
SEG-037,2024-07,Agra,Track,21,Low,Low,0,0,0,0,1
SEG-037,2024-08,Agra,Track,21,Low,Low,0,0,0,0,1
SEG-037,2024-09,Agra,Track,21,Low,Low,0,0,0,0,1
SEG-037,2024-10,Agra,Track,21,Low,Low,0,0,0,0,0
SEG-037,2024-11,Agra,Track,21,Low,Low,0,0,0,0,0
SEG-037,2024-12,Agra,Track,21,Low,Low,0,0,0,0,0
SEG-037,2025-01,Agra,Track,21,Low,Low,0,0,0,0,0
SEG-037,2025-02,Agra,Track,21,Low,Low,0,0,0,0,0
SEG-037,2025-03,Agra,Track,21,Low,Low,0,0,0,0,0
SEG-037,2025-04,Agra,Track,21,Low,Low,0,0,0,0,0
SEG-037,2025-05,Agra,Track,21,Low,Low,0,0,0,0,0
SEG-037,2025-06,Agra,Track,21,Low,Low,0,0,0,0,1
SEG-037,2025-07,Agra,Track,21,Low,Low,0,0,0,0,1
SEG-037,2025-08,Agra,Track,21,Low,Low,0,0,0,0,1
SEG-037,2025-09,Agra,Track,21,Low,Low,0,0,0,0,1
SEG-037,2025-10,Agra,Track,21,Low,Low,0,0,0,0,0
SEG-037,2025-11,Agra,Track,21,Low,Low,0,0,0,0,0
SEG-037,2025-12,Agra,Track,21,Low,Low,0,0,0,0,0
SEG-038,2024-01,Delhi,Track,37,High,Medium,0,0,0,0,0
SEG-038,2024-02,Delhi,Track,37,High,Medium,0,0,0,0,0
SEG-038,2024-03,Delhi,Track,37,High,Medium,0,0,0,0,0
SEG-038,2024-04,Delhi,Track,37,High,Medium,0,0,0,0,0
SEG-038,2024-05,Delhi,Track,37,High,Medium,0,0,0,0,0
SEG-038,2024-06,Delhi,Track,37,High,Medium,0,1,0,0,1
SEG-038,2024-07,Delhi,Track,37,High,Medium,0,0,0,0,1
SEG-038,2024-08,Delhi,Track,37,High,Medium,0,0,0,0,1
SEG-038,2024-09,Delhi,Track,37,High,Medium,0,0,0,0,1
SEG-038,2024-10,Delhi,Track,37,High,Medium,0,0,0,0,0
SEG-038,2024-11,Delhi,Track,37,High,Medium,0,0,0,0,0
SEG-038,2024-12,Delhi,Track,37,High,Medium,0,0,0,0,0
SEG-038,2025-01,Delhi,Track,37,High,Medium,0,0,0,0,0
SEG-038,2025-02,Delhi,Track,37,High,Medium,0,0,0,0,0
SEG-038,2025-03,Delhi,Track,37,High,Medium,0,0,0,0,0
SEG-038,2025-04,Delhi,Track,37,High,Medium,0,0,0,0,0
SEG-038,2025-05,Delhi,Track,37,High,Medium,0,0,0,0,0
SEG-038,2025-06,Delhi,Track,37,High,Medium,0,0,0,0,1
SEG-038,2025-07,Delhi,Track,37,High,Medium,0,1,0,0,1
SEG-038,2025-08,Delhi,Track,37,High,Medium,0,0,0,0,1
SEG-038,2025-09,Delhi,Track,37,High,Medium,0,0,0,0,1
SEG-038,2025-10,Delhi,Track,37,High,Medium,0,1,0,0,0
SEG-038,2025-11,Delhi,Track,37,High,Medium,0,0,0,0,0
SEG-038,2025-12,Delhi,Track,37,High,Medium,0,0,0,0,0
SEG-039,2024-01,Agra,S&T,39,Medium,High,0,0,0,0,0
SEG-039,2024-02,Agra,S&T,39,Medium,High,0,0,0,0,0
SEG-039,2024-03,Agra,S&T,39,Medium,High,0,0,0,0,0
SEG-039,2024-04,Agra,S&T,39,Medium,High,0,0,0,0,0
SEG-039,2024-05,Agra,S&T,39,Medium,High,0,0,0,0,0
SEG-039,2024-06,Agra,S&T,39,Medium,High,0,0,0,0,1
SEG-039,2024-07,Agra,S&T,39,Medium,High,0,0,0,0,1
SEG-039,2024-08,Agra,S&T,39,Medium,High,0,0,0,0,1
SEG-039,2024-09,Agra,S&T,39,Medium,High,0,0,0,0,1
SEG-039,2024-10,Agra,S&T,39,Medium,High,0,0,0,0,0
SEG-039,2024-11,Agra,S&T,39,Medium,High,0,0,0,0,0
SEG-039,2024-12,Agra,S&T,39,Medium,High,0,0,0,0,0
SEG-039,2025-01,Agra,S&T,39,Medium,High,0,0,0,0,0
SEG-039,2025-02,Agra,S&T,39,Medium,High,0,0,0,0,0
SEG-039,2025-03,Agra,S&T,39,Medium,High,0,0,0,0,0
SEG-039,2025-04,Agra,S&T,39,Medium,High,0,0,0,0,0
SEG-039,2025-05,Agra,S&T,39,Medium,High,0,0,0,0,0
SEG-039,2025-06,Agra,S&T,39,Medium,High,0,0,0,0,1
SEG-039,2025-07,Agra,S&T,39,Medium,High,0,0,0,0,1
SEG-039,2025-08,Agra,S&T,39,Medium,High,0,0,0,0,1
SEG-039,2025-09,Agra,S&T,39,Medium,High,0,0,0,0,1
SEG-039,2025-10,Agra,S&T,39,Medium,High,0,0,0,0,0
SEG-039,2025-11,Agra,S&T,39,Medium,High,0,0,0,0,0
SEG-039,2025-12,Agra,S&T,39,Medium,High,0,1,0,0,0
SEG-040,2024-01,Delhi,S&T,28,High,Medium,0,0,0,0,0
SEG-040,2024-02,Delhi,S&T,28,High,Medium,0,0,0,0,0
SEG-040,2024-03,Delhi,S&T,28,High,Medium,0,0,0,0,0
SEG-040,2024-04,Delhi,S&T,28,High,Medium,0,0,0,0,0
SEG-040,2024-05,Delhi,S&T,28,High,Medium,0,1,0,0,0
SEG-040,2024-06,Delhi,S&T,28,High,Medium,1,0,0,0,1
SEG-040,2024-07,Delhi,S&T,28,High,Medium,1,0,0,0,1
SEG-040,2024-08,Delhi,S&T,28,High,Medium,1,0,0,0,1
SEG-040,2024-09,Delhi,S&T,28,High,Medium,0,0,0,0,1
SEG-040,2024-10,Delhi,S&T,28,High,Medium,0,0,0,0,0
SEG-040,2024-11,Delhi,S&T,28,High,Medium,0,0,0,0,0
SEG-040,2024-12,Delhi,S&T,28,High,Medium,0,0,0,0,0
SEG-040,2025-01,Delhi,S&T,28,High,Medium,0,0,0,0,0
SEG-040,2025-02,Delhi,S&T,28,High,Medium,0,0,0,0,0
SEG-040,2025-03,Delhi,S&T,28,High,Medium,0,0,0,0,0
SEG-040,2025-04,Delhi,S&T,28,High,Medium,0,0,0,0,0
SEG-040,2025-05,Delhi,S&T,28,High,Medium,0,0,0,0,0
SEG-040,2025-06,Delhi,S&T,28,High,Medium,0,0,0,0,1
SEG-040,2025-07,Delhi,S&T,28,High,Medium,0,0,0,0,1
SEG-040,2025-08,Delhi,S&T,28,High,Medium,0,0,0,0,1
SEG-040,2025-09,Delhi,S&T,28,High,Medium,0,0,0,0,1
SEG-040,2025-10,Delhi,S&T,28,High,Medium,0,0,0,0,0
SEG-040,2025-11,Delhi,S&T,28,High,Medium,0,0,0,0,0
SEG-040,2025-12,Delhi,S&T,28,High,Medium,0,0,0,0,0
SEG-041,2024-01,Agra,Traction/OHE,40,Medium,Medium,0,0,0,0,0
SEG-041,2024-02,Agra,Traction/OHE,40,Medium,Medium,0,0,0,0,0
SEG-041,2024-03,Agra,Traction/OHE,40,Medium,Medium,0,0,0,0,0
SEG-041,2024-04,Agra,Traction/OHE,40,Medium,Medium,0,1,1,0,0
SEG-041,2024-05,Agra,Traction/OHE,40,Medium,Medium,1,0,0,0,0
SEG-041,2024-06,Agra,Traction/OHE,40,Medium,Medium,1,0,0,0,1
SEG-041,2024-07,Agra,Traction/OHE,40,Medium,Medium,1,0,0,0,1
SEG-041,2024-08,Agra,Traction/OHE,40,Medium,Medium,0,0,0,0,1
SEG-041,2024-09,Agra,Traction/OHE,40,Medium,Medium,0,0,0,0,1
SEG-041,2024-10,Agra,Traction/OHE,40,Medium,Medium,0,0,0,0,0
SEG-041,2024-11,Agra,Traction/OHE,40,Medium,Medium,0,0,0,0,0
SEG-041,2024-12,Agra,Traction/OHE,40,Medium,Medium,0,0,0,0,0
SEG-041,2025-01,Agra,Traction/OHE,40,Medium,Medium,0,0,0,0,0
SEG-041,2025-02,Agra,Traction/OHE,40,Medium,Medium,0,0,0,0,0
SEG-041,2025-03,Agra,Traction/OHE,40,Medium,Medium,0,0,0,0,0
SEG-041,2025-04,Agra,Traction/OHE,40,Medium,Medium,0,0,0,0,0
SEG-041,2025-05,Agra,Traction/OHE,40,Medium,Medium,0,0,0,0,0
SEG-041,2025-06,Agra,Traction/OHE,40,Medium,Medium,0,0,0,0,1
SEG-041,2025-07,Agra,Traction/OHE,40,Medium,Medium,0,0,0,0,1
SEG-041,2025-08,Agra,Traction/OHE,40,Medium,Medium,0,0,0,0,1
SEG-041,2025-09,Agra,Traction/OHE,40,Medium,Medium,0,0,0,0,1
SEG-041,2025-10,Agra,Traction/OHE,40,Medium,Medium,0,0,0,0,0
SEG-041,2025-11,Agra,Traction/OHE,40,Medium,Medium,0,0,0,0,0
SEG-041,2025-12,Agra,Traction/OHE,40,Medium,Medium,0,0,0,0,0
SEG-042,2024-01,Delhi,Traction/OHE,15,Low,Medium,0,0,0,0,0
SEG-042,2024-02,Delhi,Traction/OHE,15,Low,Medium,0,0,0,0,0
SEG-042,2024-03,Delhi,Traction/OHE,15,Low,Medium,0,0,0,0,0
SEG-042,2024-04,Delhi,Traction/OHE,15,Low,Medium,0,0,0,0,0
SEG-042,2024-05,Delhi,Traction/OHE,15,Low,Medium,0,0,0,0,0
SEG-042,2024-06,Delhi,Traction/OHE,15,Low,Medium,0,0,0,0,1
SEG-042,2024-07,Delhi,Traction/OHE,15,Low,Medium,0,0,0,0,1
SEG-042,2024-08,Delhi,Traction/OHE,15,Low,Medium,0,0,0,0,1
SEG-042,2024-09,Delhi,Traction/OHE,15,Low,Medium,0,0,0,0,1
SEG-042,2024-10,Delhi,Traction/OHE,15,Low,Medium,0,0,0,0,0
SEG-042,2024-11,Delhi,Traction/OHE,15,Low,Medium,0,1,0,0,0
SEG-042,2024-12,Delhi,Traction/OHE,15,Low,Medium,0,0,0,0,0
SEG-042,2025-01,Delhi,Traction/OHE,15,Low,Medium,0,0,0,0,0
SEG-042,2025-02,Delhi,Traction/OHE,15,Low,Medium,0,0,0,0,0
SEG-042,2025-03,Delhi,Traction/OHE,15,Low,Medium,0,0,0,0,0
SEG-042,2025-04,Delhi,Traction/OHE,15,Low,Medium,0,0,0,0,0
SEG-042,2025-05,Delhi,Traction/OHE,15,Low,Medium,0,0,0,0,0
SEG-042,2025-06,Delhi,Traction/OHE,15,Low,Medium,0,0,0,0,1
SEG-042,2025-07,Delhi,Traction/OHE,15,Low,Medium,0,0,0,0,1
SEG-042,2025-08,Delhi,Traction/OHE,15,Low,Medium,0,0,0,0,1
SEG-042,2025-09,Delhi,Traction/OHE,15,Low,Medium,0,0,0,0,1
SEG-042,2025-10,Delhi,Traction/OHE,15,Low,Medium,0,0,0,0,0
SEG-042,2025-11,Delhi,Traction/OHE,15,Low,Medium,0,0,0,0,0
SEG-042,2025-12,Delhi,Traction/OHE,15,Low,Medium,0,0,0,0,0
SEG-043,2024-01,Agra,Track,45,Medium,Low,0,0,0,0,0
SEG-043,2024-02,Agra,Track,45,Medium,Low,0,0,0,0,0
SEG-043,2024-03,Agra,Track,45,Medium,Low,0,0,0,0,0
SEG-043,2024-04,Agra,Track,45,Medium,Low,0,0,0,0,0
SEG-043,2024-05,Agra,Track,45,Medium,Low,0,0,0,0,0
SEG-043,2024-06,Agra,Track,45,Medium,Low,0,0,0,0,1
SEG-043,2024-07,Agra,Track,45,Medium,Low,0,0,0,0,1
SEG-043,2024-08,Agra,Track,45,Medium,Low,0,0,0,0,1
SEG-043,2024-09,Agra,Track,45,Medium,Low,0,0,0,0,1
SEG-043,2024-10,Agra,Track,45,Medium,Low,0,0,0,0,0
SEG-043,2024-11,Agra,Track,45,Medium,Low,0,0,0,0,0
SEG-043,2024-12,Agra,Track,45,Medium,Low,0,0,0,0,0
SEG-043,2025-01,Agra,Track,45,Medium,Low,0,0,0,0,0
SEG-043,2025-02,Agra,Track,45,Medium,Low,0,0,0,0,0
SEG-043,2025-03,Agra,Track,45,Medium,Low,0,0,0,0,0
SEG-043,2025-04,Agra,Track,45,Medium,Low,0,0,0,0,0
SEG-043,2025-05,Agra,Track,45,Medium,Low,0,0,0,0,0
SEG-043,2025-06,Agra,Track,45,Medium,Low,0,0,0,0,1
SEG-043,2025-07,Agra,Track,45,Medium,Low,0,0,0,0,1
SEG-043,2025-08,Agra,Track,45,Medium,Low,0,1,0,0,1
SEG-043,2025-09,Agra,Track,45,Medium,Low,0,0,0,0,1
SEG-043,2025-10,Agra,Track,45,Medium,Low,0,0,0,0,0
SEG-043,2025-11,Agra,Track,45,Medium,Low,0,0,0,0,0
SEG-043,2025-12,Agra,Track,45,Medium,Low,0,1,0,0,0
SEG-044,2024-01,Delhi,Track,24,Medium,Low,0,0,0,0,0
SEG-044,2024-02,Delhi,Track,24,Medium,Low,0,0,0,0,0
SEG-044,2024-03,Delhi,Track,24,Medium,Low,0,0,0,0,0
SEG-044,2024-04,Delhi,Track,24,Medium,Low,0,0,0,0,0
SEG-044,2024-05,Delhi,Track,24,Medium,Low,0,0,0,0,0
SEG-044,2024-06,Delhi,Track,24,Medium,Low,0,0,0,0,1
SEG-044,2024-07,Delhi,Track,24,Medium,Low,0,0,0,0,1
SEG-044,2024-08,Delhi,Track,24,Medium,Low,0,0,0,0,1
SEG-044,2024-09,Delhi,Track,24,Medium,Low,0,1,0,0,1
SEG-044,2024-10,Delhi,Track,24,Medium,Low,0,0,0,0,0
SEG-044,2024-11,Delhi,Track,24,Medium,Low,0,1,0,0,0
SEG-044,2024-12,Delhi,Track,24,Medium,Low,0,0,0,0,0
SEG-044,2025-01,Delhi,Track,24,Medium,Low,0,0,0,0,0
SEG-044,2025-02,Delhi,Track,24,Medium,Low,0,0,0,0,0
SEG-044,2025-03,Delhi,Track,24,Medium,Low,0,0,0,0,0
SEG-044,2025-04,Delhi,Track,24,Medium,Low,0,0,0,0,0
SEG-044,2025-05,Delhi,Track,24,Medium,Low,0,0,0,0,0
SEG-044,2025-06,Delhi,Track,24,Medium,Low,0,0,0,0,1
SEG-044,2025-07,Delhi,Track,24,Medium,Low,0,0,0,0,1
SEG-044,2025-08,Delhi,Track,24,Medium,Low,0,0,0,0,1
SEG-044,2025-09,Delhi,Track,24,Medium,Low,0,0,0,0,1
SEG-044,2025-10,Delhi,Track,24,Medium,Low,0,0,0,0,0
SEG-044,2025-11,Delhi,Track,24,Medium,Low,0,0,0,0,0
SEG-044,2025-12,Delhi,Track,24,Medium,Low,0,0,0,0,0
SEG-045,2024-01,Agra,S&T,12,Low,Medium,0,0,0,0,0
SEG-045,2024-02,Agra,S&T,12,Low,Medium,0,0,0,0,0
SEG-045,2024-03,Agra,S&T,12,Low,Medium,0,0,0,0,0
SEG-045,2024-04,Agra,S&T,12,Low,Medium,0,0,0,0,0
SEG-045,2024-05,Agra,S&T,12,Low,Medium,0,0,0,0,0
SEG-045,2024-06,Agra,S&T,12,Low,Medium,0,0,0,0,1
SEG-045,2024-07,Agra,S&T,12,Low,Medium,0,0,0,0,1
SEG-045,2024-08,Agra,S&T,12,Low,Medium,0,0,0,0,1
SEG-045,2024-09,Agra,S&T,12,Low,Medium,0,0,0,0,1
SEG-045,2024-10,Agra,S&T,12,Low,Medium,0,0,0,0,0
SEG-045,2024-11,Agra,S&T,12,Low,Medium,0,0,0,0,0
SEG-045,2024-12,Agra,S&T,12,Low,Medium,0,0,0,0,0
SEG-045,2025-01,Agra,S&T,12,Low,Medium,0,0,0,0,0
SEG-045,2025-02,Agra,S&T,12,Low,Medium,0,0,0,0,0
SEG-045,2025-03,Agra,S&T,12,Low,Medium,0,0,0,0,0
SEG-045,2025-04,Agra,S&T,12,Low,Medium,0,0,0,0,0
SEG-045,2025-05,Agra,S&T,12,Low,Medium,0,0,0,0,0
SEG-045,2025-06,Agra,S&T,12,Low,Medium,0,0,0,0,1
SEG-045,2025-07,Agra,S&T,12,Low,Medium,0,0,0,0,1
SEG-045,2025-08,Agra,S&T,12,Low,Medium,0,0,0,0,1
SEG-045,2025-09,Agra,S&T,12,Low,Medium,0,0,0,0,1
SEG-045,2025-10,Agra,S&T,12,Low,Medium,0,0,0,0,0
SEG-045,2025-11,Agra,S&T,12,Low,Medium,0,0,0,0,0
SEG-045,2025-12,Agra,S&T,12,Low,Medium,0,0,0,0,0
SEG-046,2024-01,Delhi,S&T,40,High,High,0,0,0,0,0
SEG-046,2024-02,Delhi,S&T,40,High,High,0,0,0,0,0
SEG-046,2024-03,Delhi,S&T,40,High,High,0,0,0,0,0
SEG-046,2024-04,Delhi,S&T,40,High,High,0,0,0,0,0
SEG-046,2024-05,Delhi,S&T,40,High,High,0,0,0,0,0
SEG-046,2024-06,Delhi,S&T,40,High,High,0,0,0,0,1
SEG-046,2024-07,Delhi,S&T,40,High,High,0,0,0,0,1
SEG-046,2024-08,Delhi,S&T,40,High,High,0,0,0,0,1
SEG-046,2024-09,Delhi,S&T,40,High,High,0,0,0,0,1
SEG-046,2024-10,Delhi,S&T,40,High,High,0,0,0,0,0
SEG-046,2024-11,Delhi,S&T,40,High,High,0,0,0,0,0
SEG-046,2024-12,Delhi,S&T,40,High,High,0,0,0,0,0
SEG-046,2025-01,Delhi,S&T,40,High,High,0,0,0,0,0
SEG-046,2025-02,Delhi,S&T,40,High,High,0,0,0,0,0
SEG-046,2025-03,Delhi,S&T,40,High,High,0,0,0,0,0
SEG-046,2025-04,Delhi,S&T,40,High,High,0,0,0,0,0
SEG-046,2025-05,Delhi,S&T,40,High,High,0,0,0,0,0
SEG-046,2025-06,Delhi,S&T,40,High,High,0,0,0,0,1
SEG-046,2025-07,Delhi,S&T,40,High,High,0,0,0,0,1
SEG-046,2025-08,Delhi,S&T,40,High,High,0,0,0,0,1
SEG-046,2025-09,Delhi,S&T,40,High,High,0,0,0,0,1
SEG-046,2025-10,Delhi,S&T,40,High,High,0,0,0,0,0
SEG-046,2025-11,Delhi,S&T,40,High,High,0,0,0,0,0
SEG-046,2025-12,Delhi,S&T,40,High,High,0,0,0,0,0
SEG-047,2024-01,Agra,Traction/OHE,18,High,Low,0,0,0,0,0
SEG-047,2024-02,Agra,Traction/OHE,18,High,Low,0,0,0,0,0
SEG-047,2024-03,Agra,Traction/OHE,18,High,Low,0,0,0,0,0
SEG-047,2024-04,Agra,Traction/OHE,18,High,Low,0,0,0,0,0
SEG-047,2024-05,Agra,Traction/OHE,18,High,Low,0,0,0,0,0
SEG-047,2024-06,Agra,Traction/OHE,18,High,Low,0,0,0,0,1
SEG-047,2024-07,Agra,Traction/OHE,18,High,Low,0,0,0,0,1
SEG-047,2024-08,Agra,Traction/OHE,18,High,Low,0,0,0,0,1
SEG-047,2024-09,Agra,Traction/OHE,18,High,Low,0,0,0,0,1
SEG-047,2024-10,Agra,Traction/OHE,18,High,Low,0,0,0,0,0
SEG-047,2024-11,Agra,Traction/OHE,18,High,Low,0,0,0,0,0
SEG-047,2024-12,Agra,Traction/OHE,18,High,Low,0,0,0,0,0
SEG-047,2025-01,Agra,Traction/OHE,18,High,Low,0,0,0,0,0
SEG-047,2025-02,Agra,Traction/OHE,18,High,Low,0,0,0,0,0
SEG-047,2025-03,Agra,Traction/OHE,18,High,Low,0,0,0,0,0
SEG-047,2025-04,Agra,Traction/OHE,18,High,Low,0,0,0,0,0
SEG-047,2025-05,Agra,Traction/OHE,18,High,Low,0,0,0,0,0
SEG-047,2025-06,Agra,Traction/OHE,18,High,Low,0,1,0,0,1
SEG-047,2025-07,Agra,Traction/OHE,18,High,Low,0,0,0,0,1
SEG-047,2025-08,Agra,Traction/OHE,18,High,Low,0,0,0,0,1
SEG-047,2025-09,Agra,Traction/OHE,18,High,Low,0,0,0,0,1
SEG-047,2025-10,Agra,Traction/OHE,18,High,Low,0,0,0,0,0
SEG-047,2025-11,Agra,Traction/OHE,18,High,Low,0,0,0,0,0
SEG-047,2025-12,Agra,Traction/OHE,18,High,Low,0,0,0,0,0
SEG-048,2024-01,Delhi,Traction/OHE,41,Medium,Low,0,1,0,0,0
SEG-048,2024-02,Delhi,Traction/OHE,41,Medium,Low,0,1,0,0,0
SEG-048,2024-03,Delhi,Traction/OHE,41,Medium,Low,0,0,0,0,0
SEG-048,2024-04,Delhi,Traction/OHE,41,Medium,Low,0,0,0,0,0
SEG-048,2024-05,Delhi,Traction/OHE,41,Medium,Low,0,0,0,0,0
SEG-048,2024-06,Delhi,Traction/OHE,41,Medium,Low,0,0,0,0,1
SEG-048,2024-07,Delhi,Traction/OHE,41,Medium,Low,0,0,0,0,1
SEG-048,2024-08,Delhi,Traction/OHE,41,Medium,Low,0,0,0,0,1
SEG-048,2024-09,Delhi,Traction/OHE,41,Medium,Low,0,0,0,0,1
SEG-048,2024-10,Delhi,Traction/OHE,41,Medium,Low,0,0,0,0,0
SEG-048,2024-11,Delhi,Traction/OHE,41,Medium,Low,0,0,0,0,0
SEG-048,2024-12,Delhi,Traction/OHE,41,Medium,Low,0,0,0,0,0
SEG-048,2025-01,Delhi,Traction/OHE,41,Medium,Low,0,0,0,0,0
SEG-048,2025-02,Delhi,Traction/OHE,41,Medium,Low,0,0,0,0,0
SEG-048,2025-03,Delhi,Traction/OHE,41,Medium,Low,0,0,0,0,0
SEG-048,2025-04,Delhi,Traction/OHE,41,Medium,Low,0,0,0,0,0
SEG-048,2025-05,Delhi,Traction/OHE,41,Medium,Low,0,0,0,0,0
SEG-048,2025-06,Delhi,Traction/OHE,41,Medium,Low,0,0,0,0,1
SEG-048,2025-07,Delhi,Traction/OHE,41,Medium,Low,0,0,0,0,1
SEG-048,2025-08,Delhi,Traction/OHE,41,Medium,Low,0,0,0,0,1
SEG-048,2025-09,Delhi,Traction/OHE,41,Medium,Low,0,0,0,0,1
SEG-048,2025-10,Delhi,Traction/OHE,41,Medium,Low,0,0,0,0,0
SEG-048,2025-11,Delhi,Traction/OHE,41,Medium,Low,0,0,0,0,0
SEG-048,2025-12,Delhi,Traction/OHE,41,Medium,Low,0,0,0,0,0
SEG-049,2024-01,Agra,Track,16,Low,Medium,0,0,0,0,0
SEG-049,2024-02,Agra,Track,16,Low,Medium,0,0,0,0,0
SEG-049,2024-03,Agra,Track,16,Low,Medium,0,0,0,0,0
SEG-049,2024-04,Agra,Track,16,Low,Medium,0,0,0,0,0
SEG-049,2024-05,Agra,Track,16,Low,Medium,0,0,0,0,0
SEG-049,2024-06,Agra,Track,16,Low,Medium,0,0,0,0,1
SEG-049,2024-07,Agra,Track,16,Low,Medium,0,0,0,0,1
SEG-049,2024-08,Agra,Track,16,Low,Medium,0,0,0,0,1
SEG-049,2024-09,Agra,Track,16,Low,Medium,0,0,0,0,1
SEG-049,2024-10,Agra,Track,16,Low,Medium,0,0,0,0,0
SEG-049,2024-11,Agra,Track,16,Low,Medium,0,0,0,0,0
SEG-049,2024-12,Agra,Track,16,Low,Medium,0,0,0,0,0
SEG-049,2025-01,Agra,Track,16,Low,Medium,0,0,0,0,0
SEG-049,2025-02,Agra,Track,16,Low,Medium,0,0,0,0,0
SEG-049,2025-03,Agra,Track,16,Low,Medium,0,0,0,0,0
SEG-049,2025-04,Agra,Track,16,Low,Medium,0,0,0,0,0
SEG-049,2025-05,Agra,Track,16,Low,Medium,0,0,0,0,0
SEG-049,2025-06,Agra,Track,16,Low,Medium,0,0,0,0,1
SEG-049,2025-07,Agra,Track,16,Low,Medium,0,0,0,0,1
SEG-049,2025-08,Agra,Track,16,Low,Medium,0,0,0,0,1
SEG-049,2025-09,Agra,Track,16,Low,Medium,0,0,0,0,1
SEG-049,2025-10,Agra,Track,16,Low,Medium,0,0,0,0,0
SEG-049,2025-11,Agra,Track,16,Low,Medium,0,0,0,0,0
SEG-049,2025-12,Agra,Track,16,Low,Medium,0,0,0,0,0
SEG-050,2024-01,Delhi,Track,21,Low,Medium,0,0,0,0,0
SEG-050,2024-02,Delhi,Track,21,Low,Medium,0,0,0,0,0
SEG-050,2024-03,Delhi,Track,21,Low,Medium,0,0,0,0,0
SEG-050,2024-04,Delhi,Track,21,Low,Medium,0,0,0,0,0
SEG-050,2024-05,Delhi,Track,21,Low,Medium,0,0,0,0,0
SEG-050,2024-06,Delhi,Track,21,Low,Medium,0,0,0,0,1
SEG-050,2024-07,Delhi,Track,21,Low,Medium,0,0,0,0,1
SEG-050,2024-08,Delhi,Track,21,Low,Medium,0,0,0,0,1
SEG-050,2024-09,Delhi,Track,21,Low,Medium,0,0,0,0,1
SEG-050,2024-10,Delhi,Track,21,Low,Medium,0,0,0,0,0
SEG-050,2024-11,Delhi,Track,21,Low,Medium,0,0,0,0,0
SEG-050,2024-12,Delhi,Track,21,Low,Medium,0,0,0,0,0
SEG-050,2025-01,Delhi,Track,21,Low,Medium,0,0,0,0,0
SEG-050,2025-02,Delhi,Track,21,Low,Medium,0,0,0,0,0
SEG-050,2025-03,Delhi,Track,21,Low,Medium,0,0,0,0,0
SEG-050,2025-04,Delhi,Track,21,Low,Medium,0,0,0,0,0
SEG-050,2025-05,Delhi,Track,21,Low,Medium,0,0,0,0,0
SEG-050,2025-06,Delhi,Track,21,Low,Medium,0,0,0,0,1
SEG-050,2025-07,Delhi,Track,21,Low,Medium,0,0,0,0,1
SEG-050,2025-08,Delhi,Track,21,Low,Medium,0,0,0,0,1
SEG-050,2025-09,Delhi,Track,21,Low,Medium,0,0,0,0,1
SEG-050,2025-10,Delhi,Track,21,Low,Medium,0,0,0,0,0
SEG-050,2025-11,Delhi,Track,21,Low,Medium,0,0,0,0,0
SEG-050,2025-12,Delhi,Track,21,Low,Medium,0,0,0,0,0
